mof,1s,2s,3s,4s,5s,6s,7s,2p,3p,4p,5p,6p,3d,4d,5d,6d,4f,5f,metal,linker1smi,oxidation_state,temperature,time
WIRMOB_clean,2,2,2,2,0,0,0,6,6,0,0,0,10,0,0,0,0,0,Zn,O=C(O)c1ccc(COc2c3c(c(OCc4ccc(C(=O)O)cc4)c4c2C2c5ccccc5C4c4ccccc42)C2c4ccccc4C3c3ccccc32)cc1,2,110,72
VIXTUT_clean,2,2,2,2,0,0,0,6,6,0,0,0,10,0,0,0,0,0,Zn,c1cc(CCc2ccncc2)ccn1,2,85,72
PODKUQ_clean,2,2,2,1,0,0,0,6,6,0,0,0,10,0,0,0,0,0,Cu,O=C(O)c1cc(C(=O)O)cc(-n2cc(-c3ccc(-c4cc(-c5ccc(-c6cn(-c7cc(C(=O)O)cc(C(=O)O)c7)nn6)cc5)cc(-c5ccc(-c6cn(-c7cc(C(=O)O)cc(C(=O)O)c7)nn6)cc5)c4)cc3)nn2)c1,2,80,24
IKUTOZ_clean,2,2,2,2,2,2,0,6,6,6,6,0,10,10,0,0,10,0,Dy,O=C(O)c1c2ccccc2c(C(=O)O)c2ccccc12,3,95,24
LADHEF_clean,2,2,2,2,0,0,0,6,6,0,0,0,10,0,0,0,0,0,Zn,c1nnc[nH]1,2,80,72
GAWJEV_clean,2,2,2,2,0,0,0,6,6,0,0,0,10,0,0,0,0,0,Zn,O=C(O)c1ccc(C(=O)O)c(-c2cc(C(=O)O)ccc2C(=O)O)c1,2,120,72
KIKFIV_clean,2,2,2,2,2,2,0,6,6,6,6,0,10,10,0,0,7,0,Eu,O=C(O)c1ccc(C#Cc2c3ccccc3c(C#Cc3ccc(C(=O)O)cc3)c3ccccc23)cc1,3,85,96
TIXCIO_clean,2,2,2,2,2,0,0,6,6,6,0,0,10,10,0,0,0,0,Cd,c1ncc(-c2cc(-c3cnc[nH]3)cc(-c3cnc[nH]3)c2)[nH]1,2,160,72
GETXAG_clean,2,2,2,2,0,0,0,6,6,0,0,0,7,0,0,0,0,0,Co,Nc1ccc(-c2nnn[nH]2)cc1,2,100,48
PEWKOT_clean,2,2,2,2,2,0,0,6,6,6,0,0,10,10,0,0,0,0,Cd,O=C(O)c1nc(-c2ccccc2)[nH]c1C(=O)O,2,160,72
ZOFZIF_clean,2,2,2,2,0,0,0,6,6,0,0,0,5,0,0,0,0,0,Mn,O=C(O)c1cc(C(=O)O)cc(-c2cn(-c3cc(C(=O)O)cc(C(=O)O)c3)nn2)c1,2,110,48
QUQFOY_clean,2,2,2,2,2,0,0,6,6,6,0,0,10,10,0,0,0,0,Cd,O=C(O)c1cc(C(=O)O)cc(-c2cc(-c3cc(C(=O)O)cc(C(=O)O)c3)cc(-c3cc(C(=O)O)cc(C(=O)O)c3)c2)c1,2,65,24
WISVEB_clean,2,2,2,2,2,0,0,6,6,6,0,0,10,10,0,0,0,0,Cd,O=C(O)c1cc(N=Nc2cc(C(=O)O)cc(C(=O)O)c2)cc(C(=O)O)c1,2,85,48
SARMOO_clean,2,2,2,2,2,2,0,6,6,6,6,0,10,10,0,0,7,0,Eu,O=C(O)c1ccc(C(=O)O)c2ccccc12,3,120,48
RUGKOV_clean,2,2,2,2,0,0,0,6,6,0,0,0,10,0,0,0,0,0,Zn,O=C(O)c1cn[nH]c1,2,120,336
WOPHIU_clean,2,2,2,2,0,0,0,6,6,0,0,0,10,0,0,0,0,0,Zn,O=C(O)c1cc(OCc2cccc(COc3cc(C(=O)O)cc(C(=O)O)c3)c2)cc(C(=O)O)c1,2,85,72
KAVGAQ_clean,2,2,2,2,0,0,0,6,6,0,0,0,7,0,0,0,0,0,Co,O=C(O)c1nc[nH]c1C(=O)O,2,160,96
OPENUT_clean,2,2,2,2,2,2,0,6,6,6,6,0,10,10,0,0,7,0,Eu,O=C(O)c1cccc(C(=O)O)c1,3,60,96
KETHEY02_clean,2,2,2,2,2,0,0,6,6,6,0,0,10,10,0,0,0,0,Cd,O=C(O)c1cc(C(=O)O)cc(-c2ccncc2)c1,2,120,48
CUGVUX_clean,2,2,2,1,0,0,0,6,6,0,0,0,10,0,0,0,0,0,Cu,O=C(O)c1cc(C(=O)O)cc(C(=O)O)c1,1,120,96
XOJWID_charged,2,2,2,2,0,0,0,6,6,0,0,0,10,0,0,0,0,0,Zn,O=C(O)c1ccc(P(=O)(O)O)cc1,2,170,48
VEHROR_charged,2,2,2,2,2,2,0,6,6,6,6,0,10,10,1,0,0,0,La,O=C(O)c1cccc(C(=O)O)n1,3,102,48
KOMFUO_clean,2,2,2,1,0,0,0,6,6,0,0,0,10,0,0,0,0,0,Cu,c1nncn1-n1cnnc1,2,25,252
EXOFIH_clean,2,2,2,2,2,0,0,6,6,6,1,0,10,10,0,0,0,0,In,O=C(O)c1cc(C(=O)O)c(C(=O)O)cc1C(=O)O,3,105,36
WOPHIU01_clean,2,2,2,2,0,0,0,6,6,0,0,0,10,0,0,0,0,0,Zn,O=C(O)c1cc(OCc2cccc(COc3cc(C(=O)O)cc(C(=O)O)c3)c2)cc(C(=O)O)c1,2,85,72
HAMJOW_clean,2,2,2,2,0,0,0,6,6,0,0,0,10,0,0,0,0,0,Zn,O=C(O)c1cc(NC(=O)c2ccncc2)cc(C(=O)O)c1,2,120,120
ZOFZOL_clean,2,2,2,2,0,0,0,6,6,0,0,0,7,0,0,0,0,0,Co,O=C(O)c1cc(C(=O)O)cc(-c2cn(-c3cc(C(=O)O)cc(C(=O)O)c3)nn2)c1,2,110,48
FONPUV_clean,2,2,2,2,0,0,0,6,6,0,0,0,10,0,0,0,0,0,Zn,O=C(O)c1ccc(-c2cc(C(=O)O)ccc2C(=O)O)cc1,2,130,72
PELRIJ_clean,2,2,2,1,0,0,0,6,6,0,0,0,10,0,0,0,0,0,Cu,O=C(O)c1ccc(NC(=O)c2cc(C(=O)Nc3ccc(C(=O)O)cc3)cc(C(=O)Nc3ccc(C(=O)O)cc3)c2)cc1,2,70,48
NUBPIL_clean,2,2,2,1,0,0,0,6,6,0,0,0,10,0,0,0,0,0,Cu,O=C(O)c1cc(C(=O)O)cc(-n2ccnc2)c1,2,80,48
QASTUC_clean,2,2,2,2,0,0,0,6,6,0,0,0,5,0,0,0,0,0,Mn,c1ccc(-c2cc(-c3ccc(-n4ccnc4)cc3)cc(-c3ccccn3)n2)nc1,2,120,72
QEPZOB_clean,2,2,2,1,0,0,0,6,6,0,0,0,10,0,0,0,0,0,Cu,Cc1c(-c2ccncc2)c(C)c(-c2c(C)c(-c3ccncc3)c(C)c(-c3ccncc3)c2C)c(C)c1-c1ccncc1,2,25,240
ILOTOT_clean,2,2,2,2,0,0,0,6,6,0,0,0,7,0,0,0,0,0,Co,O=C(O)c1ccc(OCCCOc2ccc(C(=O)O)cc2)cc1,2,150,72
KUHNEI_clean,2,2,2,2,0,0,0,6,6,0,0,0,7,0,0,0,0,0,Co,O=C(O)c1cc(C(=O)O)c(C(=O)O)cc1C(=O)O,2,85,48
LAHTUM_clean,2,2,2,2,2,0,0,6,6,6,0,0,10,10,0,0,0,0,Cd,c1cc(-c2ccncc2)ccn1,2,100,72
FIPKOG01_clean,2,2,2,2,2,0,0,6,6,6,0,0,10,10,0,0,0,0,Cd,O=C(O)c1cc(NC(=O)c2ccc(C(=O)Nc3cc(C(=O)O)cc(C(=O)O)c3)cc2)cc(C(=O)O)c1,2,85,72
LATPIG_clean,2,2,2,2,0,0,0,6,6,0,0,0,10,0,0,0,0,0,Zn,c1nc[nH]n1,2,60,24
BINSAU_clean,2,2,2,2,0,0,0,6,6,0,0,0,5,0,0,0,0,0,Mn,O=C(O)c1ccc2cc(-c3cc(-c4ccc5cc(C(=O)O)ccc5c4)cc(-c4ccc5cc(C(=O)O)ccc5c4)c3)ccc2c1,2,100,168
DOKHUH_clean,2,2,2,2,2,0,0,6,6,6,0,0,10,10,0,0,0,0,Cd,Cc1c(C(=O)O)c(C)c(C(=O)O)c(C)c1C(=O)O,2,180,72
XIFLOP_clean,2,2,2,2,2,0,0,6,6,6,0,0,10,10,0,0,0,0,Cd,CC(C)c1nc(C(=O)O)c(C(=O)O)[nH]1,2,180,120
ADASIJ_clean,2,2,2,1,0,0,0,6,6,0,0,0,10,0,0,0,0,0,Cu,O=C(O)c1cc(OCc2cc(COc3cc(C(=O)O)cc(C(=O)O)c3)cc(COc3cc(C(=O)O)cc(C(=O)O)c3)c2)cc(C(=O)O)c1,2,115,23
TIRRIW_clean,2,2,2,2,0,0,0,6,6,0,0,0,7,0,0,0,0,0,Co,C1=CC(c2ccncc2)C=CN1,2,120,24
AVESAW_clean,2,2,2,2,2,0,0,6,6,6,0,0,10,10,0,0,0,0,Cd,c1nnc[nH]1,2,160,72
NAJQUN_clean,2,2,2,2,0,0,0,6,6,0,0,0,5,0,0,0,0,0,Mn,O=C(O)c1ccc(-c2cc(C(=O)O)c(C(=O)O)cc2-c2ccc(C(=O)O)cc2)cc1,2,85,72
OQUCOU_clean,2,2,2,2,2,0,0,6,6,6,0,0,10,10,0,0,0,0,Cd,CC(Oc1cc(C(=O)O)cc(C(=O)O)c1)C(=O)O,2,100,72
HAVZIP_clean,2,2,2,2,0,0,0,6,6,0,0,0,7,0,0,0,0,0,Co,O=C(O)C(=O)O,2,160,120
IZEBAR_clean,2,2,2,2,2,2,0,6,6,6,6,0,10,10,0,0,9,0,Tb,O=C(O)c1ccc(C#Cc2cc(C(=O)O)cc(C(=O)O)c2)cc1,3,80,72
PEZCII_clean,2,2,2,2,2,2,0,6,6,6,6,0,10,10,1,0,0,0,La,O=C(O)c1ccc(-c2cc(-c3ccc(C(=O)O)cc3)cc(-c3ccc(C(=O)O)cc3)c2)cc1,3,80,48
NAGQET_clean,2,2,2,2,0,0,0,6,6,0,0,0,7,0,0,0,0,0,Co,c1ccc(-c2nc(-c3ccncc3)n[nH]2)nc1,2,130,24
MAQRAA_clean,2,2,2,1,0,0,0,6,6,0,0,0,10,0,0,0,0,0,Cu,O=C(O)c1ccc(C(=O)O)s1,2,110,48
GISZUF_clean,2,2,2,2,2,0,0,6,6,6,0,0,10,10,0,0,0,0,Cd,c1cc(C2C(c3ccncc3)C(c3ccncc3)C2c2ccncc2)ccn1,2,170,24
CEJBEA_clean,2,2,2,2,2,2,0,6,6,6,6,0,10,10,0,0,10,0,Dy,O=C(O)c1cccc(C(=O)O)c1,3,85,48
TUBJAD_clean,2,2,2,1,0,0,0,6,6,0,0,0,10,0,0,0,0,0,Cu,O=C(N=Cc1cccnc1)c1cccnc1,2,120,24
VIZQEC_clean,2,2,2,2,0,0,0,6,6,0,0,0,7,0,0,0,0,0,Co,O=C(O)c1ccc(S(=O)(=O)c2ccc(C(=O)O)cc2)cc1,2,160,72
LASMAV_neutral,2,2,2,2,0,0,0,6,6,0,0,0,7,0,0,0,0,0,Co,O=C(O)c1ccncc1,2,140,96
ADASOP_clean,2,2,2,2,0,0,0,6,6,0,0,0,10,0,0,0,0,0,Zn,O=C(O)c1cc(OCc2cc(COc3cc(C(=O)O)cc(C(=O)O)c3)cc(COc3cc(C(=O)O)cc(C(=O)O)c3)c2)cc(C(=O)O)c1,2,85,12
FIMXUW_clean,2,2,2,2,2,2,0,6,6,6,6,0,10,10,1,0,0,0,La,O=C(O)c1ccc(C(=O)O)c(C(=O)O)c1C(=O)O,3,140,72
PEKZIP_clean,2,2,2,1,0,0,0,6,6,0,0,0,10,0,0,0,0,0,Cu,c1cc(-c2ccncc2)ccn1,1,180,72
MURBEI_clean,2,2,2,2,2,0,0,6,6,6,1,0,10,10,0,0,0,0,In,O=C(O)c1cc(C(=O)O)cc(-c2cc(C(=O)O)cc(C(=O)O)c2)c1,3,85,120
EBATUZ_clean,2,2,2,1,0,0,0,6,6,0,0,0,10,0,0,0,0,0,Cu,O=C(O)c1cc(C(=O)O)cc(C2=Cc3cc4c(cc3=C2)C=C(c2cc(C(=O)O)cc(C(=O)O)c2)C=4)c1,2,85,24
TAYNEN_clean,2,2,2,2,2,0,0,6,6,6,0,0,10,10,0,0,0,0,Cd,c1cc(CCCc2ccncc2)ccn1,2,170,96
LALFEL_clean,2,2,2,2,2,0,0,6,6,6,0,0,10,10,0,0,0,0,Cd,O=C(O)C(=O)O,2,120,72
IYOQAQ_clean,2,2,2,2,0,0,0,6,6,0,0,0,10,0,0,0,0,0,Zn,O=C(O)c1cc(C(=O)O)cc(-c2nn[nH]n2)c1,2,80,48
UWALEL_clean,2,2,2,1,0,0,0,6,6,0,0,0,10,0,0,0,0,0,Cu,O=C(O)c1cc(C(=O)O)cc(-c2cccc(-c3cc(C(=O)O)cc(C(=O)O)c3)n2)c1,2,105,72
OKIPOO_clean,2,2,2,2,0,0,0,6,6,0,0,0,7,0,0,0,0,0,Co,C1=CN(c2ccc(Oc3ccc(-n4ccnc4)cc3)cc2)CN1,2,90,72
QUQFIS_clean,2,2,2,2,0,0,0,6,6,0,0,0,10,0,0,0,0,0,Zn,O=C(O)c1cc(C(=O)O)cc(-c2cc(-c3cc(C(=O)O)cc(C(=O)O)c3)cc(-c3cc(C(=O)O)cc(C(=O)O)c3)c2)c1,2,65,24
CUKXIR_clean,2,2,2,2,0,0,0,6,6,0,0,0,5,0,0,0,0,0,Mn,O=C(O)c1cc(C(=O)O)c(C(=O)O)cc1C(=O)O,2,100,72
QATXIU_clean,2,2,2,2,2,0,0,6,6,6,0,0,10,10,0,0,0,0,Cd,O=C(O)c1cccc(C(=O)O)c1-c1c(C(=O)O)cccc1C(=O)O,2,160,96
LUZJAT_clean,2,2,2,2,0,0,0,6,6,0,0,0,10,0,0,0,0,0,Zn,O=C(O)c1cc(C(=O)O)cc(C(=O)O)c1,2,110,72
FECYIX_clean,2,2,2,2,0,0,0,6,6,0,0,0,7,0,0,0,0,0,Co,O=C(O)C1CSC(C(=O)O)N1,2,90,24
NATFAS_clean,2,2,2,2,0,0,0,6,6,0,0,0,10,0,0,0,0,0,Zn,O=C(O)c1cc(C(=O)O)c(C(=O)O)cc1C(=O)O,2,85,72
DITTEH_clean,2,2,2,2,0,0,0,6,6,0,0,0,10,0,0,0,0,0,Zn,O=C(O)c1ccc(-c2cc(C(=O)O)cc(C(=O)O)c2)cc1,2,110,60
SAJDIT_clean,2,2,2,2,2,2,0,6,6,6,6,0,10,10,0,0,9,0,Tb,Cc1c(COc2cccc(C(=O)O)c2)c(C)c(COc2cccc(C(=O)O)c2)c(C)c1COc1cccc(C(=O)O)c1,3,140,72
SARNOQ_clean,2,2,2,2,0,0,0,6,6,0,0,0,10,0,0,0,0,0,Zn,n1n[nH]c(-c2n[nH]nc2-c2nnn[nH]2)n1,2,95,72
YICGOI_clean,2,2,2,2,0,0,0,6,6,0,0,0,7,0,0,0,0,0,Co,c1cc(-c2ccc(N(c3ccc(-c4ccncc4)cc3)c3ccc(-c4ccncc4)cc3)cc2)ccn1,2,85,72
GIKMOD_clean,2,2,2,1,0,0,0,6,6,0,0,0,10,0,0,0,0,0,Cu,O=C(O)c1cc(C(=O)O)cc(S(=O)(=O)O)c1,2,160,96
QIVZEC_clean,2,2,2,2,0,0,0,6,6,0,0,0,10,0,0,0,0,0,Zn,CC(=NN=C(C)c1ccncc1)c1ccncc1,2,100,72
LAHVAU_clean,2,2,2,2,2,0,0,6,6,6,0,0,10,10,0,0,0,0,Cd,O=C(O)c1ccc(-c2cc(-c3ccc(C(=O)O)cc3)c(C(=O)O)cc2C(=O)O)cc1,2,100,72
NUCREJ_clean,2,2,2,2,0,0,0,6,6,0,0,0,10,0,0,0,0,0,Zn,O=C(O)Cn1ccnc1-c1nccn1CC(=O)O,2,160,72
SAMVEK_clean,2,2,2,2,0,0,0,6,6,0,0,0,5,0,0,0,0,0,Mn,CC(=O)O,2,100,144
ECOLEP_clean,2,2,2,2,0,0,0,6,6,0,0,0,7,0,0,0,0,0,Co,c1c(-c2nn[nH]n2)cc(-c2nnn[nH]2)cc1-c1nnn[nH]1,2,85,72
YIPDOR_clean,2,2,2,1,0,0,0,6,6,0,0,0,10,0,0,0,0,0,Cu,c1ncn(Cc2ccc(-c3ccc(Cn4cncn4)cc3)cc2)n1,2,140,120
FURFOP_clean,2,2,2,2,0,0,0,6,6,0,0,0,10,0,0,0,0,0,Zn,c1cn(CCCCn2ccnc2)cn1,2,120,72
BAZGAM_clean,2,2,2,1,0,0,0,6,6,0,0,0,10,0,0,0,0,0,Cu,O=C(O)c1ccc(-c2ccc(-c3cc(-c4ccc(-c5ccc(C(=O)O)cc5)cc4)cc(-c4ccc(-c5ccc(C(=O)O)cc5)cc4)c3)cc2)cc1,2,85,48
DEPXAY_clean,2,2,2,2,0,0,0,6,6,0,0,0,10,0,0,0,0,0,Zn,O=C(O)c1ccncc1C(=O)O,2,140,120
EXAXAE_clean,2,2,2,1,0,0,0,6,6,0,0,0,10,0,0,0,0,0,Cu,O=C(O)c1cncc(C(=O)O)c1,1,85,24
GEZRAG_clean,2,2,2,2,0,0,0,6,6,0,0,0,7,0,0,0,0,0,Co,OCC(CO)(CO)c1ccncc1,2,120,72
GAHWIX_clean,2,2,2,2,0,0,0,6,6,0,0,0,10,0,0,0,0,0,Zn,O=C(O)c1ccc(NC(=O)c2cc(C(=O)Nc3ccc(C(=O)O)cc3)cc(C(=O)Nc3ccc(C(=O)O)cc3)c2)cc1,2,95,24
IDAGEA_charged,2,2,2,1,0,0,0,6,6,0,0,0,10,0,0,0,0,0,Cu,NC(Cc1ccccc1)C(=O)O,2,25,252
IGINIX_clean,2,2,2,2,0,0,0,6,6,0,0,0,10,0,0,0,0,0,Zn,O=C(O)c1ccc(C(=O)O)nc1,2,100,48
GIDKOU_clean,2,2,2,2,0,0,0,6,6,0,0,0,10,0,0,0,0,0,Zn,O=C(O)c1nc[nH]c1C(=O)O,2,140,96
TEMPAE_clean,2,2,2,2,0,0,0,6,6,0,0,0,10,0,0,0,0,0,Zn,Cc1cc(C(=O)O)cc(C)c1-c1c(C)cc(C(=O)O)cc1C,2,80,48
AZAVOO_clean,2,2,2,0,0,0,0,6,0,0,0,0,0,0,0,0,0,0,Mg,O=C(O)c1ccc(-c2c(-c3ccc(C(=O)O)cc3)c(-c3ccc(C(=O)O)cc3)c(-c3ccc(C(=O)O)cc3)c(-c3ccc(C(=O)O)cc3)c2-c2ccc(C(=O)O)cc2)cc1,2,180,24
FECYUJ_clean,2,2,2,2,0,0,0,6,6,0,0,0,10,0,0,0,0,0,Zn,O=C(O)c1ccc2cc(C(=O)O)ccc2c1,2,130,28
OFODET_clean,2,2,2,2,0,0,0,6,6,0,0,0,5,0,0,0,0,0,Mn,O=C(O)c1cc(NNc2cc(C(=O)O)cc(C(=O)O)c2)cc(C(=O)O)c1,2,55,48
YUGLES_clean,2,2,2,1,0,0,0,6,6,0,0,0,10,0,0,0,0,0,Cu,O=C(O)c1cc(C#Cc2cc(C(=O)O)cc(C(=O)O)c2)cc(C(=O)O)c1,2,65,24
YOVPEG_clean,2,2,2,2,0,0,0,6,6,0,0,0,7,0,0,0,0,0,Co,c1cn(-c2ccc(-c3cc(-c4ccc(-n5ccnc5)cc4)cc(-c4ccc(-n5ccnc5)cc4)c3)cc2)cn1,2,120,120
ECIWIW_clean,2,2,2,2,2,0,0,6,6,6,0,0,10,10,0,0,0,0,Cd,O=C(O)c1ccc(-c2ccncc2)cc1,2,75,48
VAKREG_charged,2,2,2,2,0,0,0,6,6,0,0,0,7,0,0,0,0,0,Co,O=C(O)c1ccc(C(=O)O)cc1,2,160,72
BUCWAZ_clean,2,2,2,2,2,0,0,6,6,6,0,0,10,10,0,0,0,0,Cd,O=C(O)c1cc(COc2cc(C(=O)O)cc(C(=O)O)c2)cc(COc2cc(C(=O)O)cc(C(=O)O)c2)c1,2,90,72
EXEMUR_clean,2,2,2,2,2,0,0,6,6,6,0,0,10,10,0,0,0,0,Cd,O=C(O)c1ccc(N2C=CC(=C3C=CN(c4ccc(C(=O)O)cc4)C=C3)C=C2)cc1,2,100,48
DINNIZ_clean,2,2,2,2,0,0,0,6,6,0,0,0,5,0,0,0,0,0,Mn,O=C(O)CCCCC(=O)O,2,90,24
TEDSIG_clean,2,2,2,2,0,0,0,6,6,0,0,0,10,0,0,0,0,0,Zn,O=C(O)c1cc(C(=O)O)cc(C(=O)O)c1,2,150,72
UWOWAF_clean,2,2,2,2,0,0,0,6,6,0,0,0,5,0,0,0,0,0,Mn,O=C(O)c1ccc(-c2ccc(C(=O)O)s2)s1,2,100,48
XUKHUI_clean,2,2,2,2,0,0,0,6,6,0,0,0,10,0,0,0,0,0,Zn,O=C(O)c1cc(NCc2ccc(CNc3cc(C(=O)O)cc(C(=O)O)c3)cc2)cc(C(=O)O)c1,2,120,24
HUVHIR_clean,2,2,2,2,0,0,0,6,6,0,0,0,10,0,0,0,0,0,Zn,O=C(O)CN(CP(=O)(O)O)c1nc(N(CC(=O)O)CP(=O)(O)O)nc(N(CC(=O)O)CP(=O)(O)O)n1,2,110,120
HIFGIO_SL,2,2,2,2,0,0,0,6,6,0,0,0,10,0,0,0,0,0,Zn,Cc1cc(-c2ccc(C(=O)O)cc2)c(C)cc1-c1ccc(C(=O)O)cc1,2,100,60
VOCCOH_clean,2,2,2,2,0,0,0,6,6,0,0,0,8,0,0,0,0,0,Ni,O=C(O)c1cc(C(=O)O)cc(-c2cc(C(=O)O)ccc2C(=O)O)c1,2,160,72
XUGROI_clean,2,2,2,1,0,0,0,6,6,0,0,0,10,0,0,0,0,0,Cu,O=C(O)c1cccc(-c2cc(-c3cccc(C(=O)O)c3)c(-c3cccc(C(=O)O)c3)cc2-c2cccc(C(=O)O)c2)c1,2,75,24
FONKEA_clean,2,2,2,2,2,0,0,6,6,6,0,0,10,10,0,0,0,0,Cd,O=C(O)c1ccc(-c2cc(C(=O)O)ccc2C(=O)O)cc1,2,150,36
QIWCOQ_clean,2,2,2,1,0,0,0,6,6,0,0,0,10,0,0,0,0,0,Cu,O=C(O)c1ccc(-c2cnn(C(C(n3cc(-c4ccc(C(=O)O)cc4)cn3)n3cc(-c4ccc(C(=O)O)cc4)cn3)n3cc(-c4ccc(C(=O)O)cc4)cn3)c2)cc1,2,100,48
CABDER_clean,2,2,2,2,2,0,0,6,6,6,0,0,10,10,0,0,0,0,Cd,O=C(NCc1ccncc1)c1ccncc1,2,100,96
RUGZAW_clean,2,2,2,2,0,0,0,6,6,0,0,0,10,0,0,0,0,0,Zn,O=C(O)c1ccc(-c2cc(-c3ccncc3)cc(-c3ccc(C(=O)O)cc3)n2)cc1,2,70,72
TORXAB_clean,2,2,2,1,0,0,0,6,6,0,0,0,10,0,0,0,0,0,Cu,c1nnn[nH]1,2,150,72
GOVWOF_clean,2,2,2,2,0,0,0,6,6,0,0,0,5,0,0,0,0,0,Mn,O=C(O)c1cc(OCc2c(COc3cc(C(=O)O)cc(C(=O)O)c3)c(COc3cc(C(=O)O)cc(C(=O)O)c3)c(COc3cc(C(=O)O)cc(C(=O)O)c3)c(COc3cc(C(=O)O)cc(C(=O)O)c3)c2COc2cc(C(=O)O)cc(C(=O)O)c2)cc(C(=O)O)c1,2,80,72
AVAQIX_clean,2,2,2,2,2,0,0,6,6,6,0,0,10,10,0,0,0,0,Cd,O=C(O)c1ccncc1,2,80,504
NIYZIG_clean,2,2,2,2,0,0,0,6,6,0,0,0,10,0,0,0,0,0,Zn,O=C(O)c1ccc(P(=O)(c2ccc(C(=O)O)cc2)c2ccc(C(=O)O)cc2)cc1,2,120,72
LAWHOJ_clean,2,2,2,2,2,0,0,6,6,6,0,0,10,10,0,0,0,0,Cd,O=C(O)c1ccc(C(=O)O)c2nsnc12,2,80,72
PUWDOA_clean,2,2,2,2,0,0,0,6,6,0,0,0,10,0,0,0,0,0,Zn,O=C(O)c1ccc(-c2cc(-c3ccc(C(=O)O)cc3)cc(-c3ccc(C(=O)O)cc3)c2)cc1,2,90,24
OYIVIC_clean,2,2,2,1,0,0,0,6,6,0,0,0,10,0,0,0,0,0,Cu,O=C(O)c1ccc(-c2nn[nH]n2)cc1,2,90,72
ORUHAM_clean,2,2,2,2,2,0,0,6,6,6,0,0,10,10,0,0,0,0,Cd,O=C(O)c1ccc(C(=O)O)c2ccccc12,2,160,72
NAWXER_clean,2,2,2,2,0,0,0,6,6,0,0,0,10,0,0,0,0,0,Zn,O=C(O)c1ccc(-c2nc(-c3ccc(C(=O)O)cc3)c(-c3ccc(C(=O)O)cc3)nc2-c2ccc(C(=O)O)cc2)cc1,2,85,24
MAQBIS_clean,2,2,2,1,0,0,0,6,6,0,0,0,10,0,0,0,0,0,Cu,COc1cc(C(=O)O)cc(OC)c1-c1c(OC)cc(C(=O)O)cc1OC,2,70,24
PIBGAK_clean,2,2,2,2,2,2,0,6,6,6,6,0,10,10,0,0,7,0,Eu,CC1(C)c2cc(C(=O)O)ccc2-c2ccc(C(=O)O)cc21,3,120,72
ETAXIH_clean,2,2,2,2,0,0,0,6,6,0,0,0,10,0,0,0,0,0,Zn,CCCc1nc(C(=O)O)c(C(=O)O)[nH]1,2,180,120
VOFFED_clean,2,2,2,1,0,0,0,6,6,0,0,0,10,0,0,0,0,0,Cu,c1cc(CCCc2ccncc2)ccn1,2,90,24
BAHGUN02_clean,2,2,2,1,0,0,0,6,6,0,0,0,10,0,0,0,0,0,Cu,O=C(O)c1ccncc1,2,180,72
PUPXII01_clean,2,2,2,2,0,0,0,6,6,0,0,0,5,0,0,0,0,0,Mn,N=C(NCC(=O)O)c1ccncc1,2,160,72
XIFHIF_clean,2,2,2,2,2,2,0,6,6,6,6,0,10,10,0,0,9,0,Tb,O=C(O)c1ccc(C(=O)O)o1,3,120,21
VAJQOP_clean,2,2,2,2,0,0,0,6,6,0,0,0,7,0,0,0,0,0,Co,O=C(O)c1ccncc1C(=O)O,2,150,72
HABZEQ_clean,2,2,2,2,0,0,0,6,6,0,0,0,7,0,0,0,0,0,Co,O=C(O)c1ccc(C(=O)O)c(C(=O)O)c1,2,160,72
LIJXEI_clean,2,2,2,2,2,0,0,6,6,6,0,0,10,10,0,0,0,0,Cd,CC(=O)O,2,160,72
RUPTED_clean,2,2,2,1,0,0,0,6,6,0,0,0,10,0,0,0,0,0,Cu,O=C(O)c1cnccn1,1,140,72
DACXOV_clean,2,2,2,2,2,2,0,6,6,6,6,0,10,10,0,0,9,0,Tb,O=C(O)c1ccc2cc(C(=O)O)ccc2c1,3,170,72
BAZGEQ_clean,2,2,2,1,0,0,0,6,6,0,0,0,10,0,0,0,0,0,Cu,O=C(O)c1ccc(-c2ccc(-c3nc(-c4ccc(-c5ccc(C(=O)O)cc5)cc4)nc(-c4ccc(-c5ccc(C(=O)O)cc5)cc4)n3)cc2)cc1,2,85,48
VIPXUO_clean,2,2,2,2,0,0,0,6,6,0,0,0,7,0,0,0,0,0,Co,c1cc(CC(c2ccncc2)C(Cc2ccncc2)c2ccncc2)ccn1,2,120,72
GEGDED_clean,2,2,2,1,0,0,0,6,6,0,0,0,10,0,0,0,0,0,Cu,O=C(O)c1cc(OCC(COc2cc(C(=O)O)cc(C(=O)O)c2)(COc2cc(C(=O)O)cc(C(=O)O)c2)COc2cc(C(=O)O)cc(C(=O)O)c2)cc(C(=O)O)c1,2,60,72
AXOHIE_clean,2,2,2,2,2,0,0,6,6,6,0,0,10,10,0,0,0,0,Cd,c1cc(-c2ccncc2)ccn1,2,200,96
KUHNIM_clean,2,2,2,2,0,0,0,6,6,0,0,0,10,0,0,0,0,0,Zn,O=C(O)c1cc(C(=O)O)c(C(=O)O)cc1C(=O)O,2,110,48
DUPJAB_clean,2,2,2,2,2,0,0,6,6,6,0,0,10,10,0,0,0,0,Cd,c1nnc[nH]1,2,100,24
SOGWIV_charged,2,2,2,2,2,0,0,6,6,6,0,0,10,10,0,0,0,0,Cd,O=C(O)C(=O)O,2,165,168
COPXOV_clean,2,2,2,2,0,0,0,6,6,0,0,0,7,0,0,0,0,0,Co,C(=Cc1ccncc1)c1ccncc1,2,120,72
IYOQIY_clean,2,2,2,2,2,0,0,6,6,6,0,0,10,10,0,0,0,0,Cd,O=C(O)c1cc(C(=O)O)cc(-c2nnn[nH]2)c1,2,120,72
NUCPEI_clean,2,2,2,2,0,0,0,6,6,0,0,0,10,0,0,0,0,0,Zn,O=C(O)c1cc(C(=O)O)cc(-c2ccc(C(=O)O)c(-c3cc(C(=O)O)cc(C(=O)O)c3)c2)c1,2,105,72
GAWLIB_clean,2,2,2,2,2,2,0,6,6,6,6,0,10,10,0,0,9,0,Tb,O=C(O)c1ccc(C(c2ccc(C(=O)O)c(C(=O)O)c2)(C(F)(F)F)C(F)(F)F)cc1C(=O)O,3,150,72
QUPDEL01_clean,2,2,2,2,2,2,0,6,6,6,6,0,10,10,1,0,0,0,Gd,O=C(O)C=CC(=O)O,3,140,48
QAKFIU_clean,2,2,2,2,0,0,0,6,6,0,0,0,10,0,0,0,0,0,Zn,O=C(O)c1cc(C(=O)O)cc(N2C=CC(c3ccncc3)C=C2)c1,2,80,36
KUQWIE_clean,2,2,2,2,2,0,0,6,6,6,0,0,10,10,0,0,0,0,Cd,O=C(O)C1CCN(CP(=O)(O)O)CC1,2,160,96
TAGVAB_clean,2,2,2,0,0,0,0,6,0,0,0,0,0,0,0,0,0,0,Mg,O=C(O)c1ccc(C(=O)O)cc1,2,120,120
SEFSOM_clean,2,2,2,2,2,0,0,6,6,6,0,0,10,10,0,0,0,0,Cd,O=C(O)c1cc(C(=O)O)cc(S(=O)(=O)O)c1,2,140,72
TIKMEH_clean,2,2,2,2,2,0,0,6,6,6,0,0,10,10,0,0,0,0,Cd,c1cc(-c2ccncc2)ccn1,2,160,72
ZIQJEQ_clean,2,2,2,1,0,0,0,6,6,0,0,0,10,0,0,0,0,0,Cu,c1ncn(Cc2ccc(Cn3cncn3)cc2)n1,2,140,120
LIKDOA_clean,2,2,2,1,0,0,0,6,6,0,0,0,10,0,0,0,0,0,Cu,O=C(O)C1=CC2=CC(C(=O)O)C=C3C=C(C(=O)O)CC(=C1)C23,2,65,48
ZIKJOU_clean,2,2,2,1,0,0,0,6,6,0,0,0,10,0,0,0,0,0,Cu,O=C(O)c1ccc(CN(Cc2ccc(C(=O)O)cc2)c2cc(C(=O)O)cc(C(=O)O)c2)cc1,2,75,30
COVYIX_clean,2,2,2,1,0,0,0,6,6,0,0,0,10,0,0,0,0,0,Cu,O=C(O)c1cccc(C(=O)O)c1,2,160,96
ADATIK_clean,2,2,2,1,0,0,0,6,6,0,0,0,10,0,0,0,0,0,Cu,O=C(O)c1cc(NC(=O)c2ccc(-c3nnn[nH]3)cc2)cc(C(=O)O)c1,2,85,12
QOKCID_clean,2,2,2,2,0,0,0,6,6,0,0,0,10,0,0,0,0,0,Zn,C=C(C)OCc1cccc(COc2cc(C(=O)O)cc(C(=O)O)c2)c1,2,160,144
NAGQOD_clean,2,2,2,2,0,0,0,6,6,0,0,0,7,0,0,0,0,0,Co,c1ccc(-c2nc(-c3ccncc3)n[nH]2)nc1,2,130,24
MITGIF_clean,2,2,2,2,2,0,0,6,6,6,0,0,10,1,0,0,0,0,Y,O=C(O)c1cc(C(=O)O)c(C(=O)O)cc1C(=O)O,3,170,36
LEVDIB_clean,2,2,2,1,0,0,0,6,6,0,0,0,10,0,0,0,0,0,Cu,O=C(O)c1cc(C(=O)O)cc(-c2cc(O)c(-c3c(O)cc(-c4cc(C(=O)O)cc(C(=O)O)c4)c4cc(Cl)ccc34)c3ccc(Cl)cc23)c1,2,90,48
TETZEZ_clean,2,2,2,2,0,0,0,6,6,0,0,0,10,0,0,0,0,0,Zn,O=C(Nc1ccncc1)c1ccc(C(=O)Nc2ccncc2)cc1,2,120,72
VETMIS_clean,2,2,2,1,0,0,0,6,6,0,0,0,10,0,0,0,0,0,Cu,O=C(O)c1ccc2cc(N(c3ccc(-c4cc(-c5ccc(N(c6ccc7cc(C(=O)O)ccc7c6)c6ccc7cc(C(=O)O)ccc7c6)cc5)cc(-c5ccc(N(c6ccc7cc(C(=O)O)ccc7c6)c6ccc7cc(C(=O)O)ccc7c6)cc5)c4)cc3)c3ccc4cc(C(=O)O)ccc4c3)ccc2c1,1,85,72
VIVLAP_clean,2,2,2,2,2,2,0,6,6,6,6,0,10,10,0,0,9,0,Tb,O=C(O)CCn1c(=O)n(CCC(=O)O)c(=O)n(CCC(=O)O)c1=O,3,110,72
SUKYIH_clean,2,2,2,1,0,0,0,6,6,0,0,0,10,0,0,0,0,0,Cu,O=C(O)c1ccc(C(c2ccc(C(=O)O)cc2)(c2ccc(C(=O)O)cc2)c2ccc(C(=O)O)cc2)cc1,2,80,24
LOMMIL_clean,2,2,2,2,2,0,0,6,6,6,0,0,10,1,0,0,0,0,Y,O=C(O)c1ccc(C(=O)O)o1,3,130,72
HUCFAO_clean,2,2,2,2,0,0,0,6,6,0,0,0,5,0,0,0,0,0,Mn,O=C(O)CCn1c(=O)n(CCC(=O)O)c(=O)n(CCC(=O)O)c1=O,2,80,72
ANIDIL_clean,2,2,2,2,0,0,0,6,6,0,0,0,7,0,0,0,0,0,Co,c1cc(CCCc2ccncc2)ccn1,2,160,48
ODEZAB_clean,2,2,2,1,0,0,0,6,6,0,0,0,10,0,0,0,0,0,Cu,COc1ccc2c(-c3cc(C(=O)O)cc(C(=O)O)c3)c(OC)ccc2c1-c1cc(C(=O)O)cc(C(=O)O)c1,2,80,72
LABJUV_clean,2,2,2,1,0,0,0,6,6,0,0,0,10,0,0,0,0,0,Cu,c1cc(-c2cc(-c3ccncc3)c(-c3ccncc3)cc2-c2ccncc2)ccn1,1,175,72
GURTIX_charged,2,2,2,2,2,0,0,6,6,6,1,0,10,10,0,0,0,0,In,O=C(O)c1ccc(C(=O)O)c(C(=O)O)c1,3,170,72
HUYXUV_clean,2,2,2,2,0,0,0,6,6,0,0,0,7,0,0,0,0,0,Co,c1cn(-c2ccc(-c3ccc(-n4ccnc4)cc3)cc2)cn1,2,140,96
QAGQEW_clean,2,2,2,2,2,0,0,6,6,6,0,0,10,10,0,0,0,0,Cd,O=C(O)c1cc2c(s1)c1cc(C(=O)O)sc1c1cc(C(=O)O)sc21,2,100,72
TILHAZ_clean,2,2,2,2,0,0,0,6,6,0,0,0,7,0,0,0,0,0,Co,O=C(O)CCCCC(=O)O,2,100,24
XUDYOM_clean,2,2,2,2,2,0,0,6,6,6,1,0,10,10,0,0,0,0,In,O=C(O)C(=O)O,3,130,48
XAXQEU_SL,2,2,2,2,2,0,0,6,6,6,1,0,10,10,0,0,0,0,In,O=C(O)C1CCC(C(=O)O)CC1,3,160,72
ALIXOJ_clean,2,2,2,2,0,0,0,6,6,0,0,0,8,0,0,0,0,0,Ni,O=C(O)c1cc(Cc2cc(C(=O)O)cc(C(=O)O)c2)cc(C(=O)O)c1,2,105,72
OQETEK_clean,2,2,2,2,2,0,0,6,6,6,0,0,10,1,0,0,0,0,Y,O=C(O)c1ccc(-c2cc(C(=O)O)cc(C(=O)O)c2)cc1,3,80,48
ACAKUM_clean,2,2,2,2,2,2,0,6,6,6,6,0,10,10,1,0,0,0,La,O=C(O)c1cc(C(=O)O)cc(-c2cn(-c3cc(C(=O)O)cc(C(=O)O)c3)nn2)c1,3,95,72
QUHMOX_clean,2,2,2,2,2,2,0,6,6,6,6,0,10,10,1,0,0,0,Gd,O=S(=O)(O)O,3,140,48
YIJYUN_clean,2,2,2,2,0,0,0,6,6,0,0,0,10,0,0,0,0,0,Zn,O=C(O)C1CC(C(=O)O)C(C(=O)O)C1C(=O)O,2,105,60
MUVROM_clean,2,2,2,2,0,0,0,6,6,0,0,0,7,0,0,0,0,0,Co,O=C(O)c1cc(C(=O)O)cc(C(=O)O)c1,2,160,72
REYCEF_clean,2,2,2,2,0,0,0,6,6,0,0,0,10,0,0,0,0,0,Zn,C=C(C)OCc1ccc(COc2cc(C(=O)O)cc(C(=O)O)c2)cc1,2,120,24
RIDCEN_charged,2,2,2,2,2,0,0,6,6,6,1,0,10,10,0,0,0,0,In,O=C(O)c1cc(N=Nc2cc(C(=O)O)cc(C(=O)O)c2)cc(C(=O)O)c1,3,85,12
TEJBAN_clean,2,2,2,2,2,2,0,6,6,6,6,0,10,10,0,0,7,0,Eu,O=C(O)c1ccc(CN2C=CN(Cc3ccc(C(=O)O)cc3)C2)cc1,3,120,72
REDROI_clean,2,2,2,2,0,0,0,6,6,0,0,0,10,0,0,0,0,0,Zn,O=C(O)c1ccc(C(=O)O)cc1,2,80,24
LELROL_clean,2,2,2,2,0,0,0,6,6,0,0,0,5,0,0,0,0,0,Mn,c1cc(C23CC4(c5ccc(-c6nnn[nH]6)cc5)CC(c5ccc(-c6nnn[nH]6)cc5)(C2)CC(c2ccc(-c5nnn[nH]5)cc2)(C3)C4)ccc1-c1nn[nH]n1,2,70,192
KUKPOX_clean,2,2,2,1,0,0,0,6,6,0,0,0,10,0,0,0,0,0,Cu,O=C(O)c1ccc(-n2cnnc2)cc1,2,120,72
ADARAA_clean,2,2,2,2,0,0,0,6,6,0,0,0,7,0,0,0,0,0,Co,O=C(O)c1cc(C(=O)O)cc(-c2c3ccc(n3)c(-c3ccccc3)c3ccc([nH]3)c(-c3cc(C(=O)O)cc(C(=O)O)c3)c3ccc(n3)c(-c3ccccc3)c3ccc2[nH]3)c1,2,85,48
PUZLAZ_clean,2,2,2,2,2,0,0,6,6,6,1,0,10,10,0,0,0,0,In,O=C(O)c1ccc(C(=O)O)s1,3,120,72
HAFSOZ_clean,2,2,2,2,0,0,0,6,6,0,0,0,10,0,0,0,0,0,Zn,O=C(O)c1cc(C(=O)O)c(O)c(C(=O)O)c1,2,95,72
EVADIQ_clean,2,2,2,2,2,2,0,6,6,6,6,0,10,10,0,0,10,0,Dy,O=C(O)c1ccc(-c2ccc(C(=O)O)cn2)nc1,3,120,96
DEJCIF_clean,2,2,2,1,0,0,0,6,6,0,0,0,10,0,0,0,0,0,Cu,O=C(O)c1ccncc1C(=O)O,2,85,12
BOWNUY_clean,2,2,2,1,0,0,0,6,6,0,0,0,10,0,0,0,0,0,Cu,c1c(-c2nn[nH]n2)cc(-c2nnn[nH]2)cc1-c1nnn[nH]1,2,85,48
UWUTIQ_clean,2,2,2,2,0,0,0,6,6,0,0,0,10,0,0,0,0,0,Zn,O=C(O)c1ccc(-c2ccncc2)cc1,2,90,24
GIQZIQ_clean,2,2,2,0,0,0,0,6,0,0,0,0,0,0,0,0,0,0,Mg,O=C(O)c1ccc2cc(C(=O)O)ccc2c1,2,110,24
HOXSUK_clean,2,2,2,2,0,0,0,6,6,0,0,0,8,0,0,0,0,0,Ni,O=C(O)c1ccc(-c2cc(-c3ccc(C(=O)O)cc3)c3ccc4c(-c5ccc(C(=O)O)cc5)cc(-c5ccc(C(=O)O)cc5)c5ccc2c3c54)cc1,2,120,72
IZEFEZ_charged,2,2,2,2,2,0,0,6,6,6,0,0,10,10,0,0,0,0,Cd,O=C(O)c1cccc(NNc2cc3c(O)c(c2)Cc2cc(NNc4cccc(C(=O)O)c4)cc(c2O)Cc2cc(NNc4cccc(C(=O)O)c4)cc(c2O)Cc2cc(NNc4cccc(C(=O)O)c4)cc(c2O)C3)c1,2,90,24
BAZFUF01_clean,2,2,2,1,0,0,0,6,6,0,0,0,10,0,0,0,0,0,Cu,O=C(O)c1ccc(-c2cc(-c3ccc(C(=O)O)cc3)cc(-c3ccc(C(=O)O)cc3)c2)cc1,2,80,24
HELDOT_clean,2,2,2,2,0,0,0,6,6,0,0,0,7,0,0,0,0,0,Co,O=C(O)c1ccc(-c2cc(-c3ccc(C(=O)O)cc3)cc(-c3ccc(C(=O)O)cc3)c2)cc1,2,120,168
GUVBOQ_clean,2,2,2,2,0,0,0,6,6,0,0,0,10,0,0,0,0,0,Zn,O=C(O)c1c(O)cc(-c2cc(C3=CC(=O)C(C(=O)O)C(O)=C3)cc(-c3cc(O)c(C(=O)O)c(O)c3)c2)cc1O,2,140,12
BOPHIZ_clean,2,2,2,2,2,0,0,6,6,6,0,0,10,10,0,0,0,0,Cd,O=C(O)c1cccc(-c2cc(C(=O)O)c(-c3cccc(C(=O)O)c3)cc2C(=O)O)c1,2,130,144
RUFZID_clean,2,2,2,1,0,0,0,6,6,0,0,0,10,0,0,0,0,0,Cu,Cc1n[nH]c(C)n1,2,60,72
MICDEJ_clean,2,2,2,2,0,0,0,6,6,0,0,0,5,0,0,0,0,0,Mn,O=C(O)c1ccc(Oc2cc(Oc3ccc(C(=O)O)cc3)cc(C(=O)O)c2)cc1,2,95,72
KEWBUL_clean,2,2,2,2,2,2,0,6,6,6,6,0,10,10,0,0,7,0,Eu,CC1(C)c2cc(C(=O)O)ccc2-c2ccc(C(=O)O)cc21,3,80,72
FURFIJ_clean,2,2,2,2,2,0,0,6,6,6,0,0,10,10,0,0,0,0,Cd,O=C(O)c1ccc(C(=O)O)s1,2,120,72
COWXOC_clean,2,2,2,2,2,0,0,6,6,6,0,0,10,10,0,0,0,0,Cd,c1cc(-c2nc(-c3ccncc3)c(-c3ccncc3)[nH]2)ccn1,2,140,75
YAVWUQ_clean,2,2,2,1,0,0,0,6,6,0,0,0,10,0,0,0,0,0,Cu,O=C(O)c1cc(C(=O)O)cc(-c2nnc(-c3cc(C(=O)O)cc(C(=O)O)c3)[nH]2)c1,2,70,96
USORUR_clean,2,2,2,2,0,0,0,6,6,0,0,0,10,0,0,0,0,0,Zn,O=C(O)c1ccc(Oc2cc(Oc3ccc(C(=O)O)cc3)cc(Oc3ccc(C(=O)O)cc3)c2)cc1,2,80,72
REYPIW_clean,2,2,2,2,0,0,0,6,6,0,0,0,10,0,0,0,0,0,Zn,O=C(O)c1nn[nH]c1C(=O)O,2,180,72
REYMOZ_clean,2,2,2,1,0,0,0,6,6,0,0,0,10,0,0,0,0,0,Cu,O=C(O)c1cc(C(=O)O)cc(C(=O)O)c1,2,180,24
MOYYIJ_clean,2,2,2,1,0,0,0,6,6,0,0,0,10,0,0,0,0,0,Cu,O=C(O)c1ccc(-c2cccc(C(=O)O)c2)cc1,2,60,48
OBIBAF_clean,2,2,2,0,0,0,0,6,0,0,0,0,0,0,0,0,0,0,Mg,Cc1c(COc2ccc(C(=O)O)cc2)c(C)c(COc2ccc(C(=O)O)cc2)c(C)c1COc1ccc(C(=O)O)cc1,2,120,120
NOBVOR_clean,2,2,2,2,0,0,0,6,6,0,0,0,7,0,0,0,0,0,Co,O=C(O)c1nn[nH]c1C(=O)O,2,120,72
EYACOX_clean,2,2,2,2,2,2,0,6,6,6,6,0,10,10,0,0,7,0,Eu,O=C(O)c1cc(C#CC#Cc2cc(C(=O)O)cc(C(=O)O)c2)cc(C(=O)O)c1,3,85,17
XUKNIC_clean,2,2,2,2,0,0,0,6,6,0,0,0,10,0,0,0,0,0,Zn,O=C(O)c1ccc(-c2cc(C(=O)O)cc(C(=O)O)c2)cc1,2,110,80
KIDDOS_clean,2,2,2,2,0,0,0,6,6,0,0,0,10,0,0,0,0,0,Zn,C1N2CN3CN1CN(C2)C3,2,100,72
IKUTUF_clean,2,2,2,2,2,2,0,6,6,6,6,0,10,10,0,0,10,0,Dy,N#Cc1cc(C(=O)O)cc(C(=O)O)c1,3,95,24
EPOTAF_clean,2,2,2,1,0,0,0,6,6,0,0,0,10,0,0,0,0,0,Cu,O=C(O)c1ccc(OCC(COc2ccc(C(=O)O)cc2)(COc2ccc(C(=O)O)cc2)COc2ccc(C(=O)O)cc2)cc1,2,80,24
KIYMIP_clean,2,2,2,2,0,0,0,6,6,0,0,0,8,0,0,0,0,0,Ni,c1cc(-c2ccncc2)ccn1,2,140,40
DIVSUY_clean,2,2,2,2,2,2,0,6,6,6,6,0,10,10,0,0,7,0,Eu,O=C(O)c1ccc(-c2cc(C(=O)O)cc(C(=O)O)c2)cc1,3,80,48
NOQLOV01_charged,2,2,2,2,2,0,0,6,6,6,1,0,10,10,0,0,0,0,In,O=C(O)C(=O)O,3,120,72
WIJXEU_clean,2,2,2,2,0,0,0,6,6,0,0,0,10,0,0,0,0,0,Zn,O=C(O)c1ccc2c(c1)[nH]c1cc(C(=O)O)ccc12,2,120,48
TANMIH_clean,2,2,2,2,0,0,0,6,6,0,0,0,7,0,0,0,0,0,Co,O=C(O)c1ccc(Cn2cnc(C(=O)O)c2C(=O)O)cc1,2,80,24
INOVEN_clean,2,2,2,2,2,2,0,6,6,6,6,0,10,10,1,0,0,0,Gd,O=C(O)c1ccc(NNc2cc(C(=O)O)cc(C(=O)O)c2)cc1,3,60,168
LEVNOQ_clean,2,2,2,0,0,0,0,6,0,0,0,0,0,0,0,0,0,0,Mg,O=C(O)c1ccc2cc(C(=O)O)ccc2c1,2,110,24
VOGPEO_clean,2,2,2,1,0,0,0,6,6,0,0,0,10,0,0,0,0,0,Cu,O=C(O)c1cc(C(=O)O)cc(-c2cc(C(=O)O)cc(-c3cc(C(=O)O)cc(C(=O)O)c3)c2)c1,2,80,72
IKUTIT_clean,2,2,2,2,2,2,0,6,6,6,6,0,10,10,0,0,10,0,Dy,Nc1cc(C(=O)O)c(N)cc1C(=O)O,3,95,24
BUSRUE_clean,2,2,2,2,2,0,0,6,6,6,0,0,10,10,0,0,0,0,Cd,O=C(O)c1ccc(-c2ccc(C(=O)O)cc2)cc1,2,80,72
VOXQOQ_clean,2,2,2,2,0,0,0,6,6,0,0,0,10,0,0,0,0,0,Zn,Cc1nnn[nH]1,2,100,80
PORVID_clean,2,2,2,1,0,0,0,6,6,0,0,0,10,0,0,0,0,0,Cu,O=C(O)c1cc(C(=O)O)c(C(=O)O)cc1C(=O)O,2,80,72
ZOFZUR_clean,2,2,2,2,0,0,0,6,6,0,0,0,5,0,0,0,0,0,Mn,O=C(O)c1ccc(CN(Cc2ccc(C(=O)O)cc2)c2cc(C(=O)O)cc(C(=O)O)c2)cc1,2,95,72
RIFGAQ_clean,2,2,2,1,0,0,0,6,6,0,0,0,10,0,0,0,0,0,Cu,O=C(O)c1cc(C(=O)O)cc(C(=O)O)c1,2,180,24
AJAMEF_clean,2,2,2,2,0,0,0,6,6,0,0,0,7,0,0,0,0,0,Co,c1cc(-c2cncc(-c3ccncc3)c2)ccn1,2,95,72
RULXOM_clean,2,2,2,2,0,0,0,6,6,0,0,0,6,0,0,0,0,0,Fe,O=C(O)c1ccc(-c2nc(-c3ccc(C(=O)O)cc3)nc(-c3ccc(C(=O)O)cc3)n2)cc1,2,135,72
XARPAK_clean,2,2,2,1,0,0,0,6,6,0,0,0,10,0,0,0,0,0,Cu,O=C(O)c1ccc(N2C=CN(c3ccc(C(=O)O)cc3)C2)cc1,2,120,20
LAZHUR_clean,2,2,2,2,0,0,0,6,6,0,0,0,7,0,0,0,0,0,Co,c1cc(OCC(COc2ccncc2)(COc2ccncc2)COc2ccncc2)ccn1,2,105,72
OYEBIE_clean,2,2,2,2,0,0,0,6,6,0,0,0,10,0,0,0,0,0,Zn,c1cc(CCc2ccncc2)ccn1,2,120,72
XOVVEK_clean,2,2,2,2,0,0,0,6,6,0,0,0,10,0,0,0,0,0,Zn,c1nnc[nH]1,2,160,72
CUKXAJ_clean,2,2,2,2,2,0,0,6,6,6,0,0,10,10,0,0,0,0,Cd,O=C(O)c1cc(C(=O)O)c(C(=O)O)cc1C(=O)O,2,100,72
WIRKOZ_clean,2,2,2,2,0,0,0,6,6,0,0,0,10,0,0,0,0,0,Zn,O=C(O)c1ccc(COc2ccc(OCc3ccc(C(=O)O)cc3)c3c2C2c4ccccc4C3c3ccccc32)cc1,2,110,72
DEGPEL_charged,2,2,2,1,0,0,0,6,6,0,0,0,10,0,0,0,0,0,Cu,c1nc[nH]n1,2,180,120
UTULUR_SL_part,2,2,2,2,2,0,0,6,6,6,1,0,10,10,0,0,0,0,In,O=C(O)c1cc(C(=O)O)c(C(=O)O)cc1C(=O)O,3,210,24
QARTEK_clean,2,2,2,2,2,0,0,6,6,6,0,0,10,10,0,0,0,0,Cd,O=C(O)c1cn(-c2ccc(F)cc2)c2cc(N3CCNCC3)c(F)cc2c1=O,2,130,72
OGUPIQ_clean,2,2,2,2,0,0,0,6,6,0,0,0,7,0,0,0,0,0,Co,Nc1cc(C(=O)O)cc(C(=O)O)c1,2,140,72
NEKMUN_clean,2,2,2,2,0,0,0,6,6,0,0,0,7,0,0,0,0,0,Co,O=C(O)c1cc(Oc2ccccc2C(=O)O)cc(C(=O)O)c1,2,180,72
MUZHUL_charged,2,2,2,2,0,0,0,6,6,0,0,0,10,0,0,0,0,0,Zn,O=C(O)c1cc(C(=O)O)c(C(=O)O)cc1C(=O)O,2,110,48
HUTTIA_clean,2,2,2,2,0,0,0,6,6,0,0,0,10,0,0,0,0,0,Zn,c1cc(CNNCc2ccncc2)ccn1,2,100,60
POKGEC_clean,2,2,2,2,0,0,0,6,6,0,0,0,8,0,0,0,0,0,Ni,O=C(O)c1cc(C(=O)O)cc(C(=O)O)c1,2,180,72
BAZFUF_clean,2,2,2,1,0,0,0,6,6,0,0,0,10,0,0,0,0,0,Cu,O=C(O)c1ccc(-c2cc(-c3ccc(C(=O)O)cc3)cc(-c3ccc(C(=O)O)cc3)c2)cc1,2,85,48
MALWUU_clean,2,2,2,2,2,0,0,6,6,6,0,0,10,10,0,0,0,0,Cd,O=C(O)c1cc(C(=O)O)c(C(=O)O)cc1C(=O)O,2,180,168
FIHRIZ_clean,2,2,2,2,0,0,0,6,6,0,0,0,8,0,0,0,0,0,Ni,O=C(O)c1ccc(C(=O)O)cc1,2,120,72
VEGMIE01_charged,2,2,2,2,0,0,0,6,6,0,0,0,7,0,0,0,0,0,Co,O=C(O)c1ccc(C(=O)O)cc1,2,102,72
PAFMUH_clean,2,2,2,2,2,0,0,6,6,6,0,0,10,10,0,0,0,0,Cd,Cc1cc(C(=O)O)cc(C(=O)O)c1,2,110,72
MAZSUD_clean,2,2,2,2,0,0,0,6,6,0,0,0,10,0,0,0,0,0,Zn,O=C(O)c1ccc(C(=O)O)cc1,2,120,120
UCOCUM_neutral,2,2,2,1,0,0,0,6,6,0,0,0,10,0,0,0,0,0,Cu,O=C(O)c1cc(C(=O)O)cc(C(=O)O)c1,2,200,16
NEVJEF_clean,2,2,2,2,2,0,0,6,6,6,0,0,10,10,0,0,0,0,Cd,O=C(O)CN(CC(=O)O)c1cc(C(=O)O)ccc1C(=O)O,2,120,96
VOGTIV_clean_h,2,2,2,0,0,0,0,6,0,0,0,0,0,0,0,0,0,0,Mg,O=C(O)c1cc(O)c(C(=O)O)cc1O,2,110,72
OHIHET_clean,2,2,2,2,0,0,0,6,6,0,0,0,10,0,0,0,0,0,Zn,c1cn(-c2ccc(-c3cc[nH]c3)cc2)cn1,2,100,72
MUVLUM_clean,2,2,2,2,0,0,0,6,6,0,0,0,10,0,0,0,0,0,Zn,O=C(O)c1cc(S(=O)(=O)O)c2cc(C(=O)O)cc(S(=O)(=O)O)c2c1,2,100,48
FAHQIQ_clean,2,2,2,2,2,0,0,6,6,6,1,0,10,10,0,0,0,0,In,O=C(O)c1ccc(-c2ccc(C(=O)O)cc2)cc1,3,160,72
GOXMEN_clean,2,2,2,2,0,0,0,6,6,0,0,0,7,0,0,0,0,0,Co,O=C(O)c1cc(N2CNc3ccccc32)cc(-n2ccnc2)c1,2,180,24
PIGXAF_clean,2,2,2,2,2,0,0,6,6,6,0,0,10,10,0,0,0,0,Cd,O=C(O)C(=O)O,2,170,168
LASWIN_clean,2,2,2,2,0,0,0,6,6,0,0,0,7,0,0,0,0,0,Co,c1cc(-c2ccncc2)ccn1,2,90,72
YOQYOT_clean,2,2,2,2,2,0,0,6,6,6,0,0,10,10,0,0,0,0,Cd,O=C(O)c1ccc(C(=O)O)cc1,2,160,72
AROFET_clean,2,2,2,2,2,0,0,6,6,6,0,0,10,10,0,0,0,0,Cd,O=C(O)c1ccc(OCC(COc2ccc(C(=O)O)cc2)(COc2ccc(C(=O)O)cc2)COc2ccc(C(=O)O)cc2)cc1,2,85,72
IZEBEV_clean,2,2,2,2,2,0,0,6,6,6,0,0,10,10,0,0,0,0,Cd,O=C(O)c1ccc(COc2cc(C(=O)O)cc(C(=O)O)c2)cc1,2,160,60
FABGOG_clean,2,2,2,1,0,0,0,6,6,0,0,0,10,0,0,0,0,0,Cu,O=C(O)C=Cc1cnc[nH]1,2,90,72
BOWZUK_clean,2,2,2,2,0,0,0,6,6,0,0,0,10,0,0,0,0,0,Zn,c1cn(-c2ccc(N(c3ccc(-n4ccnc4)cc3)c3ccc(-n4ccnc4)cc3)cc2)cn1,2,100,12
LALFUB_clean,2,2,2,2,2,2,0,6,6,6,6,0,10,10,0,0,7,0,Eu,O=C(O)c1cnc(C(=O)O)cn1,3,150,24
LARZEL_SL_part,2,2,2,2,2,0,0,6,6,6,0,0,10,10,0,0,0,0,Cd,Cc1nc(C(=O)O)c(C(=O)O)[nH]1,2,150,96
AZAVUU_clean,2,2,2,1,0,0,0,6,6,0,0,0,10,0,0,0,0,0,Cu,O=C(O)c1ccc(-c2c(-c3ccc(C(=O)O)cc3)c(-c3ccc(C(=O)O)cc3)c(-c3ccc(C(=O)O)cc3)c(-c3ccc(C(=O)O)cc3)c2-c2ccc(C(=O)O)cc2)cc1,2,180,24
GAWMAU_clean,2,2,2,1,0,0,0,6,6,0,0,0,10,0,0,0,0,0,Cu,O=C(O)CN(CC(=O)O)c1nc(N(CC(=O)O)CC(=O)O)nc(N(CC(=O)O)CC(=O)O)n1,1,25,168
SUWQEI_clean,2,2,2,1,0,0,0,6,6,0,0,0,10,0,0,0,0,0,Cu,c1cc(-c2ccncc2)ccn1,2,150,72
JUNBUR_clean,2,2,2,2,2,0,0,6,6,6,0,0,10,10,0,0,0,0,Cd,O=C(O)c1cc(C(=O)O)cc(C(=O)O)c1,2,130,48
WOSHET_clean,2,2,2,1,0,0,0,6,6,0,0,0,10,0,0,0,0,0,Cu,c1cc(-c2nc(-c3ccncc3)n[nH]2)nc(-c2nnc(-c3ccncc3)[nH]2)c1,1,150,72
ADASEF_clean,2,2,2,1,0,0,0,6,6,0,0,0,10,0,0,0,0,0,Cu,O=C(O)c1cc(C(=O)O)cc(-c2ccc(-c3nnn[nH]3)cc2)c1,2,75,40
LARPOL_charged,2,2,2,2,0,0,0,6,6,0,0,0,6,0,0,0,0,0,Fe,O=C(O)c1cc(C(=O)O)cc(C(=O)O)c1,2,150,96
AQIXUV_clean,2,2,2,2,0,0,0,6,6,0,0,0,8,0,0,0,0,0,Ni,C(=Cc1ccncc1)c1ccncc1,2,80,72
XOPLUL_clean,2,2,2,2,2,0,0,6,6,6,0,0,10,10,0,0,0,0,Cd,O=C(O)c1ccc(C(=O)O)o1,2,100,48
RUVBOB_clean,2,2,2,2,2,0,0,6,6,6,0,0,10,10,0,0,0,0,Cd,O=C(O)c1ccc(-n2cnnc2)cc1,2,120,72
FIHFAF_clean,2,2,2,2,0,0,0,6,6,0,0,0,7,0,0,0,0,0,Co,Nc1nc[nH]n1,2,150,60
WIJXIY_clean,2,2,2,2,0,0,0,6,6,0,0,0,10,0,0,0,0,0,Zn,O=C(O)c1ccc2c(c1)[nH]c1cc(C(=O)O)ccc12,2,85,16
YOZQAG_charged,2,2,2,2,0,0,0,6,6,0,0,0,10,0,0,0,0,0,Zn,O=C(O)c1ccc2c(c1)S(=O)(=O)c1cc(C(=O)O)ccc1-2,2,95,24
EXOTOB_clean,2,2,2,2,0,0,0,6,6,0,0,0,8,0,0,0,0,0,Ni,c1cc(-c2nc(-c3ccncc3)nc(-c3ccncc3)n2)ccn1,1,140,48
GIXMUX_clean,2,2,2,1,0,0,0,6,6,0,0,0,10,0,0,0,0,0,Cu,C(=Cc1ccncc1)c1ccncc1,2,100,24
WEGDIX_charged,2,2,2,2,2,0,0,6,6,6,0,0,10,10,0,0,0,0,Cd,O=C(O)C1=CCC(=S)N=C1,2,120,72
ASUKEE01_clean,2,2,2,1,0,0,0,6,6,0,0,0,10,0,0,0,0,0,Cu,c1cc(-c2ccncc2)ccn1,1,180,72
LOXBEH_clean,2,2,2,2,2,0,0,6,6,6,0,0,10,10,0,0,0,0,Cd,c1cn(-c2cc(-n3ccnc3)cc(-n3ccnc3)c2)cn1,2,100,72
HEKTUO01_clean,2,2,2,2,2,0,0,6,6,6,0,0,10,10,0,0,0,0,Cd,O=C(O)c1ccc(-c2cc(C(=O)O)cc(C(=O)O)c2)cc1,2,120,96
MAYJOM_clean,2,2,2,2,2,0,0,6,6,6,1,0,10,10,0,0,0,0,In,O=C(O)c1ccc(C(=O)O)cc1,3,220,72
CUYQIX_clean,2,2,2,2,0,0,0,6,6,0,0,0,10,0,0,0,0,0,Zn,O=C(O)CC(CC(=O)O)C(=O)O,2,80,72
KUJNEJ_clean,2,2,2,2,0,0,0,6,6,0,0,0,8,0,0,0,0,0,Ni,O=C(O)c1ccc(-c2ccncc2)cc1,2,160,72
REDYEG_clean,2,2,2,2,0,0,0,6,6,0,0,0,10,0,0,0,0,0,Zn,O=C(O)c1ccncc1,2,110,96
BOPHEV_clean,2,2,2,2,2,0,0,6,6,6,0,0,10,10,0,0,0,0,Cd,O=C(O)c1cccc(-c2cc(C(=O)O)c(-c3cccc(C(=O)O)c3)cc2C(=O)O)c1,2,130,144
GAJVEU_charged,2,2,2,2,0,0,0,6,6,0,0,0,10,0,0,0,0,0,Zn,O=C(O)c1ccc(C(=O)O)cc1,2,100,72
DITYEM_clean,2,2,2,1,0,0,0,6,6,0,0,0,10,0,0,0,0,0,Cu,c1cc(-c2n[nH]c(-c3ccncc3)n2)ccn1,1,160,72
GAJVIY_charged,2,2,2,2,0,0,0,6,6,0,0,0,10,0,0,0,0,0,Zn,O=C(O)c1ccc(-c2ccc(C(=O)O)cc2)cc1,2,100,72
MAQJEW_clean,2,2,2,2,0,0,0,6,6,0,0,0,8,0,0,0,0,0,Ni,O=C(O)C(=O)O,2,170,72
WEGKIE_clean,2,2,2,1,0,0,0,6,6,0,0,0,10,0,0,0,0,0,Cu,O=C(O)c1cc(C(=O)O)cc(C(=O)O)c1,2,180,72
VALVAI_clean,2,2,2,2,2,0,0,6,6,6,0,0,10,1,0,0,0,0,Y,O=C(O)c1ccc(C(=O)O)cc1,3,100,20
AQIQAU_clean,2,2,2,2,2,0,0,6,6,6,0,0,10,10,0,0,0,0,Cd,O=C(O)c1ccc(-c2cc(-c3ccncc3)cc(-c3ccc(C(=O)O)cc3)n2)cc1,2,180,96
ROTQIC_clean,2,2,2,2,0,0,0,6,6,0,0,0,10,0,0,0,0,0,Zn,CC(C(=O)O)n1c(=O)c2cc3c(=O)n(C(C)C(=O)O)c(=O)c3cc2c1=O,2,90,48
BAFCAP_clean,2,2,2,2,0,0,0,6,6,0,0,0,10,0,0,0,0,0,Zn,CCC1c2cc(c(OCC(=O)O)cc2OC)C(CC)c2cc(c(OCC(=O)O)cc2OC)C(CC)c2cc(c(OCC(=O)O)cc2OC)C(C)c2cc1c(OCC(=O)O)cc2OC,2,100,72
LAWHUP_clean,2,2,2,2,2,0,0,6,6,6,0,0,10,10,0,0,0,0,Cd,O=C(O)c1ccc(C(=O)O)c2nsnc12,2,120,72
AVEQID_clean,2,2,2,2,0,0,0,6,6,0,0,0,10,0,0,0,0,0,Zn,Nc1c(-c2cc(C(=O)O)cc(C(=O)O)c2)cc(-c2cc(-c3cc(C(=O)O)cc(C(=O)O)c3)c(N)c(-c3cc(C(=O)O)cc(C(=O)O)c3)c2)cc1-c1cc(C(=O)O)cc(C(=O)O)c1,2,85,72
TAPHOJ_clean,2,2,2,2,0,0,0,6,6,0,0,0,10,0,0,0,0,0,Zn,c1cc(CN2CCN(Cc3ccncc3)CC2)ccn1,2,90,48
KADLOT_clean,2,2,2,1,0,0,0,6,6,0,0,0,10,0,0,0,0,0,Cu,O=C(O)c1ccc(-c2cncnc2)cc1,2,85,48
WOZGUP_clean,2,2,2,2,0,0,0,6,6,0,0,0,7,0,0,0,0,0,Co,c1ncn(Cc2ccc(-c3ccc(Cn4cncn4)cc3)cc2)n1,2,130,72
UFASAW_charged,2,2,2,2,2,0,0,6,6,6,0,0,10,10,0,0,0,0,Cd,O=C(O)c1nc[nH]c1C(=O)O,2,170,168
LENKIA_clean,2,2,2,1,0,0,0,6,6,0,0,0,10,0,0,0,0,0,Cu,O=C(O)c1cc(O)c(C(=O)O)cc1O,2,100,18
UYOFIY_clean,2,2,2,2,2,2,0,6,6,6,6,0,10,10,0,0,9,0,Tb,O=C(O)c1nc[nH]c1C(=O)O,3,110,48
SONTOF_clean,2,2,2,2,2,2,0,6,6,6,6,0,10,10,0,0,10,0,Dy,Nc1cc(C(=O)O)c(N)cc1C(=O)O,3,120,20
NORJEL_clean,2,2,2,2,2,0,0,6,6,6,0,0,10,10,0,0,0,0,Cd,C(=Cc1ccncc1)c1ccncc1,2,120,72
LAGHIL_clean,2,2,2,1,0,0,0,6,6,0,0,0,10,0,0,0,0,0,Cu,O=C(O)c1cccnc1,2,65,6
CUFJUK_clean,2,2,2,2,0,0,0,6,6,0,0,0,7,0,0,0,0,0,Co,O=C(O)c1cccc(-c2cc(C(=O)O)c(-c3cccc(C(=O)O)c3)cc2C(=O)O)c1,2,150,96
DOKHIV_clean,2,2,2,1,0,0,0,6,6,0,0,0,10,0,0,0,0,0,Cu,O=C(O)c1cc(C(=O)O)cc(C(=O)O)c1,2,180,12
PUWXAH_clean,2,2,2,2,0,0,0,6,6,0,0,0,5,0,0,0,0,0,Mn,O=C(O)c1cc(C(=O)O)cc(C(=O)O)c1,2,220,72
ENESOH_clean,2,2,2,1,0,0,0,6,6,0,0,0,10,0,0,0,0,0,Cu,O=C(Cn1cnnn1)Nc1cccnc1,2,85,96
DOGZIJ_clean,2,2,2,2,0,0,0,6,6,0,0,0,10,0,0,0,0,0,Zn,Cc1c(C)c(Cn2ccnc2)c(C)c(C)c1Cn1ccnc1,2,150,43
EXOTUH_SL,2,2,2,2,2,0,0,6,6,6,0,0,10,10,0,0,0,0,Cd,O=C(O)c1cccc(C(=O)O)c1-c1c(C(=O)O)cccc1C(=O)O,2,100,24
YOFGOR_clean,2,2,2,2,0,0,0,6,6,0,0,0,5,0,0,0,0,0,Mn,O=C(O)c1cccc(C(=O)O)c1,2,150,120
WOPHEQ_clean,2,2,2,2,0,0,0,6,6,0,0,0,7,0,0,0,0,0,Co,Nn1c(-c2ccncc2)nnc1-c1ccncc1,2,120,48
RAZGOQ_clean,2,2,2,1,0,0,0,6,6,0,0,0,10,0,0,0,0,0,Cu,O=C(O)C1C(C(=O)O)C(C(=O)O)C1C(=O)O,1,25,252
OLEKUM_manual,2,2,2,2,0,0,0,6,6,0,0,0,10,0,0,0,0,0,Zn,O=C(O)c1cc(Cl)c(C(=O)O)cc1Cl,2,120,48
AJAKON_clean,2,2,2,2,2,0,0,6,6,6,0,0,10,10,0,0,0,0,Cd,O=C(O)c1ccc(N(c2ccc(C(=O)O)cc2)c2ccc(C(=O)O)cc2)cc1,2,100,40
SEYNAM_clean,2,2,2,1,0,0,0,6,6,0,0,0,10,0,0,0,0,0,Cu,O=C(O)CC(=O)O,2,25,252
IYEPUZ_clean,2,2,2,2,0,0,0,6,6,0,0,0,5,0,0,0,0,0,Mn,O=C(O)c1cc(Oc2ccc(-c3c4ccc(n4)c(-c4ccc(Oc5cc(C(=O)O)cc(C(=O)O)c5)cc4)c4ccc([nH]4)c(-c4ccc(Oc5cc(C(=O)O)cc(C(=O)O)c5)cc4)c4ccc(n4)c(-c4ccc(Oc5cc(C(=O)O)cc(C(=O)O)c5)cc4)c4ccc3[nH]4)cc2)cc(C(=O)O)c1,2,150,72
XULDOZ_clean,2,2,2,2,0,0,0,6,6,0,0,0,7,0,0,0,0,0,Co,O=C(O)c1cc(OCCCCCOc2cc(C(=O)O)cc(C(=O)O)c2)cc(C(=O)O)c1,2,160,72
HAWREE_clean,2,2,2,2,0,0,0,6,6,0,0,0,5,0,0,0,0,0,Mn,O=C(O)c1ccc2nn[nH]c2c1,2,200,72
PELXIP_clean,2,2,2,2,2,0,0,6,6,6,0,0,10,10,0,0,0,0,Cd,O=C(O)c1cccc(-c2nnn[nH]2)c1,2,150,72
CAGSAG_clean,2,2,2,2,0,0,0,6,6,0,0,0,10,0,0,0,0,0,Zn,O=C(O)c1ccc2cc(C(=O)O)ccc2c1,2,120,24
WARJAC_clean,2,2,2,2,0,0,0,6,6,0,0,0,8,0,0,0,0,0,Ni,O=C(O)c1n[nH]c(C(=O)O)n1,2,150,72
YILJAG_clean,2,2,2,2,0,0,0,6,6,0,0,0,10,0,0,0,0,0,Zn,Cc1n[nH]c(C)c1-c1c(C)n[nH]c1C,2,130,72
UJEFOE01_clean,2,2,2,2,2,0,0,6,6,6,0,0,10,1,0,0,0,0,Y,O=C(O)c1ccc2cc(C(=O)O)ccc2c1,3,180,72
LUMZEA_clean,2,2,2,1,0,0,0,6,6,0,0,0,10,0,0,0,0,0,Cu,O=C(O)CC(O)C(=O)O,2,120,50
REYJEM_clean,2,2,2,2,2,0,0,6,6,6,1,0,10,10,0,0,0,0,In,O=C(O)c1cc(OCC(COc2cc(C(=O)O)cc(C(=O)O)c2)(COc2cc(C(=O)O)cc(C(=O)O)c2)COc2cc(C(=O)O)cc(C(=O)O)c2)cc(C(=O)O)c1,3,160,24
YOZQEK_clean,2,2,2,2,0,0,0,6,6,0,0,0,10,0,0,0,0,0,Zn,O=C(O)c1ccc2c(c1)S(=O)(=O)c1cc(C(=O)O)ccc1-2,2,95,24
CORZIU_clean,2,2,2,2,2,0,0,6,6,6,1,0,10,10,0,0,0,0,In,O=C(O)c1ccc(-c2ccc(C(=O)O)cn2)nc1,1,105,96
WUDJAI_clean,2,2,2,2,0,0,0,6,6,0,0,0,7,0,0,0,0,0,Co,c1cc(-c2ccncc2)ccn1,2,160,48
TUGFAE_clean,2,2,2,2,0,0,0,6,6,0,0,0,8,0,0,0,0,0,Ni,ON1C=CC(C2=CCN(O)C=C2)C=C1,2,160,120
ISUGIN_clean,2,2,2,2,2,2,0,6,6,6,6,0,10,10,1,0,0,0,Gd,O=C(O)C1C=CC=NC1=O,3,180,168
YOPQEB_clean,2,2,2,2,0,0,0,6,6,0,0,0,7,0,0,0,0,0,Co,O=C(O)c1cc(C(=O)O)cc(-c2c(C(=O)O)cc(C(=O)O)cc2C(=O)O)c1,2,140,72
NAYZUK_SL,2,2,2,2,2,0,0,6,6,6,1,0,10,10,0,0,0,0,In,O=C(O)c1ccc(C(=O)O)c2ccccc12,3,100,72
WUCRUH_clean,2,2,2,2,0,0,0,6,6,0,0,0,6,0,0,0,0,0,Fe,O=C(O)c1cc(C(=O)O)cc(C(=O)O)c1,2,180,48
HAWGIX_charged,2,2,2,2,2,0,0,6,6,6,0,0,10,10,0,0,0,0,Cd,Cc1c(COc2cc(C(=O)O)cc(C(=O)O)c2)c(C)c(COc2cc(C(=O)O)cc(C(=O)O)c2)c(C)c1COc1cc(C(=O)O)cc(C(=O)O)c1,2,120,72
WUDQIW_clean,2,2,2,2,0,0,0,6,6,0,0,0,8,0,0,0,0,0,Ni,O=C(O)Cn1cncn1,2,140,48
FIBFUS_clean,2,2,2,2,0,0,0,6,6,0,0,0,8,0,0,0,0,0,Ni,c1cn(Cc2ccc(-c3nc(-c4ccc(Cn5ccnc5)cc4)nc(-c4ccc(Cn5ccnc5)cc4)n3)cc2)cn1,2,160,72
ZEZPAX01_clean,2,2,2,2,2,2,0,6,6,6,6,0,10,10,0,0,10,0,Dy,O=C(O)c1ccnc(-c2cc(C(=O)O)ccn2)c1,3,100,144
HUYXOP_clean,2,2,2,2,0,0,0,6,6,0,0,0,8,0,0,0,0,0,Ni,c1cn(-c2ccc(-c3ccc(-n4ccnc4)cc3)cc2)cn1,2,140,96
SODQOT_clean,2,2,2,1,0,0,0,6,6,0,0,0,10,0,0,0,0,0,Cu,O=C(O)c1cc(C(=O)O)cc(C(=O)O)c1,2,100,48
KEVVIS_clean,2,2,2,2,0,0,0,6,6,0,0,0,7,0,0,0,0,0,Co,O=C(O)c1ccc(C(c2ccc(C(=O)O)cc2)(C(F)(F)F)C(F)(F)F)cc1,2,110,96
TETZID_clean,2,2,2,2,2,0,0,6,6,6,0,0,10,10,0,0,0,0,Cd,O=C(O)c1ccc(C(=O)O)s1,2,120,72
HAPGIR_clean,2,2,2,2,0,0,0,6,6,0,0,0,5,0,0,0,0,0,Mn,O=C(O)c1ccc2nn[nH]c2c1,2,120,72
HEDTER_clean,2,2,2,2,0,0,0,6,6,0,0,0,8,0,0,0,0,0,Ni,c1cc(-c2ccc(N(c3ccc(-c4ccncc4)cc3)c3ccc(-c4ccncc4)cc3)cc2)ccn1,2,95,72
ANUGIA_clean,2,2,2,1,0,0,0,6,6,0,0,0,10,0,0,0,0,0,Cu,O=C(O)c1ccc(-c2cc(-c3ccc(C(=O)O)cc3)cc(-c3cc(C(=O)O)cc(C(=O)O)c3)c2)cc1,2,100,18
OWIZAW_clean,2,2,2,1,0,0,0,6,6,0,0,0,10,0,0,0,0,0,Cu,O=C(O)c1ccc(C#Cc2ccc(C(c3ccc(C#Cc4ccc(C(=O)O)cc4)cc3)(c3ccc(C#Cc4ccc(C(=O)O)cc4)cc3)c3ccc(C#Cc4ccc(C(=O)O)cc4)cc3)cc2)cc1,2,80,48
XOTSIK_clean,2,2,2,2,2,0,0,6,6,6,0,0,10,10,0,0,0,0,Cd,Cc1c(C#Cc2ccc(C(=O)O)cc2)c(C)c(C#Cc2ccc(C(=O)O)cc2)c(C)c1C#Cc1ccc(C(=O)O)cc1,2,120,48
GUJREK_clean,2,2,2,1,0,0,0,6,6,0,0,0,10,0,0,0,0,0,Cu,Cc1nnc(-c2ccc(-c3nnc(C)n3-c3cccc(C(=O)O)c3)s2)n1-c1cccc(C(=O)O)c1,2,140,5
KIJRUS_clean,2,2,2,1,0,0,0,6,6,0,0,0,10,0,0,0,0,0,Cu,O=C(O)c1ccc(-c2cc(-c3ccc(C(=O)O)cc3)cc(-c3cc(-c4ccc(C(=O)O)cc4)cc(-c4ccc(C(=O)O)cc4)c3)c2)cc1,2,60,48
NOQKOV_clean,2,2,2,2,0,0,0,6,6,0,0,0,7,0,0,0,0,0,Co,O=C(O)c1nc[nH]c1C(=O)O,2,160,12
YODRAM_clean,2,2,2,2,0,0,0,6,6,0,0,0,7,0,0,0,0,0,Co,O=C(O)c1ccncc1,2,100,24
ERULEK_clean,2,2,2,2,0,0,0,6,6,0,0,0,10,0,0,0,0,0,Zn,O=C(O)c1ccc(-c2ccc(C(=O)O)cc2)cc1,2,80,96
HEBJAB_clean,2,2,2,2,0,0,0,6,6,0,0,0,7,0,0,0,0,0,Co,O=C(O)c1ccc(COc2cc(C(=O)O)cc(C(=O)O)c2)cc1,2,130,48
FIJCUX01_clean,2,2,2,2,0,0,0,6,6,0,0,0,10,0,0,0,0,0,Zn,O=C(O)c1ccc(C(=O)O)cc1,2,100,40
DICKEH_clean,2,2,2,1,0,0,0,6,6,0,0,0,10,0,0,0,0,0,Cu,O=C(O)c1cc(C#Cc2ccc(C#Cc3cc(C(=O)O)cc(C(=O)O)c3)cc2)cc(C(=O)O)c1,2,65,72
VAXVEX_charged,2,2,2,2,2,0,0,6,6,6,0,0,10,10,0,0,0,0,Cd,c1cc(-n2cnnc2)ccc1CCc1ccc(-n2cnnc2)cc1,2,90,72
LUPYAX_clean,2,2,2,2,0,0,0,6,6,0,0,0,10,0,0,0,0,0,Zn,O=C(O)c1cc(Cl)c(C(=O)O)cc1Cl,2,100,24
XADDOX_clean,2,2,2,2,0,0,0,6,6,0,0,0,7,0,0,0,0,0,Co,O=C(O)c1cccc(C(=O)O)c1,2,160,72
LAZJIH_clean,2,2,2,2,0,0,0,6,6,0,0,0,10,0,0,0,0,0,Zn,O=C(O)c1cc(C(=O)O)c(C(=O)O)cc1C(=O)O,2,100,48
WURNOO_clean,2,2,2,1,0,0,0,6,6,0,0,0,10,0,0,0,0,0,Cu,O=C(O)c1ccc(-c2ccncc2)cc1,2,180,312
IVARUT_clean,2,2,2,2,2,0,0,6,6,6,0,0,10,10,0,0,0,0,Cd,c1cc(CN2CCN(Cc3ccncc3)CC2)ccn1,2,80,72
MUNDEG_clean,2,2,2,1,0,0,0,6,6,0,0,0,10,0,0,0,0,0,Cu,O=C(O)c1ccc(-c2cncc(C(=O)O)c2)cc1,1,105,12
YUMFUJ_clean,2,2,2,2,2,2,0,6,6,6,6,0,10,10,1,0,0,0,La,O=C(O)c1ccc(-c2ccc(-c3cc(C(=O)O)cc(C(=O)O)c3)cc2)cc1,3,85,24
WOXKOL_clean,2,2,2,2,0,0,0,6,6,0,0,0,5,0,0,0,0,0,Mn,c1cn(-c2ccc(-c3ccc(-n4ccnc4)cc3)cc2)cn1,2,130,24
OYIVEY_clean,2,2,2,1,0,0,0,6,6,0,0,0,10,0,0,0,0,0,Cu,O=C(O)c1ccc(C2NNNN2)cc1,2,85,96
MEJQOJ_clean,2,2,2,2,0,0,0,6,6,0,0,0,10,0,0,0,0,0,Zn,O=C(O)c1ccncc1,2,120,72
EREGOY_clean,2,2,2,2,2,0,0,6,6,6,0,0,10,10,0,0,0,0,Cd,O=C(O)c1ccc(OCC(COc2ccc(C(=O)O)cc2)(COc2ccc(C(=O)O)cc2)COc2ccc(C(=O)O)cc2)cc1,2,110,72
GUCHUJ_clean,2,2,2,1,0,0,0,6,6,0,0,0,10,0,0,0,0,0,Cu,O=C(O)c1cc(C(=O)O)c(C(=O)O)cc1C(=O)O,2,150,24
TAGTIH_clean,2,2,2,0,0,0,0,6,0,0,0,0,0,0,0,0,0,0,Mg,O=C(O)c1ccc(C(=O)O)o1,2,100,120
EBUREA_clean,2,2,2,2,0,0,0,6,6,0,0,0,5,0,0,0,0,0,Mn,O=C(O)c1ccc(NNc2cc(C(=O)O)cc(C(=O)O)c2)cc1,2,65,48
ZUDQUM_clean,2,2,2,2,0,0,0,6,6,0,0,0,5,0,0,0,0,0,Mn,O=C(O)c1cc(C(=O)O)cc(C(=O)O)c1,2,80,48
APAZOI_clean,2,2,2,2,2,2,0,6,6,6,6,0,10,10,1,0,0,0,La,O=C(O)c1ccc(-c2cc(C(=O)O)cc(C(=O)O)c2)cc1,3,80,48
ADASUV_clean,2,2,2,2,0,0,0,6,6,0,0,0,7,0,0,0,0,0,Co,O=C(O)c1cc(OCc2cc(COc3cc(C(=O)O)cc(C(=O)O)c3)cc(COc3cc(C(=O)O)cc(C(=O)O)c3)c2)cc(C(=O)O)c1,2,105,23
AVESUR_clean,2,2,2,2,2,0,0,6,6,6,0,0,10,10,0,0,0,0,Cd,O=C(O)c1cc(C(=O)O)cc(-c2cc(C(=O)O)cc(-c3cc(C(=O)O)cc(C(=O)O)c3)c2)c1,2,100,72
MAYKOO_clean,2,2,2,1,0,0,0,6,6,0,0,0,10,0,0,0,0,0,Cu,O=C(O)c1ccc(-c2cc(C(=O)O)cc(-c3ccc(C(=O)O)cc3)c2)cc1,2,85,72
CADPII_clean,2,2,2,2,0,0,0,6,6,0,0,0,10,0,0,0,0,0,Zn,O=C(O)c1cc(C(=O)O)cc(C(=O)O)c1,2,170,120
TIXVON_clean,2,2,2,0,0,0,0,6,0,0,0,0,0,0,0,0,0,0,Mg,O=C(O)c1ccc(Oc2ccc(C(=O)O)cc2)cc1,2,120,48
TAPKAY_clean,2,2,2,1,0,0,0,6,6,0,0,0,10,0,0,0,0,0,Cu,O=P(O)(O)C(O)(Cc1cccnc1)P(=O)(O)O,2,160,120
OMUSAS_clean,2,2,2,2,0,0,0,6,6,0,0,0,10,0,0,0,0,0,Zn,CCC1(CC)c2cc(-c3ccc(C(=O)O)cc3)ccc2-c2c1c1c(c3c2C(CC)(CC)c2cc(-c4ccc(C(=O)O)cc4)ccc2-3)C(CC)(CC)c2cc(-c3ccc(C(=O)O)cc3)ccc2-1,2,90,48
ZUDQEW_clean,2,2,2,2,2,0,0,6,6,6,0,0,10,10,0,0,0,0,Cd,O=C(O)c1cc(C(=O)O)cc(C(=O)O)c1,2,80,72
MEJQEZ_clean,2,2,2,2,0,0,0,6,6,0,0,0,10,0,0,0,0,0,Zn,O=C(O)c1ccncc1,2,120,72
NOQKUB_clean,2,2,2,2,0,0,0,6,6,0,0,0,7,0,0,0,0,0,Co,O=C(O)c1nc[nH]c1C(=O)O,2,180,144
IPIHIA_clean,2,2,2,2,2,0,0,6,6,6,0,0,10,10,0,0,0,0,Cd,c1ccc(Cn2cncn2)c(Cn2cncn2)c1,2,160,48
XUGWAZ_clean,2,2,2,2,2,2,0,6,6,6,6,0,10,10,0,0,10,0,Dy,O=S(=O)(O)c1ccc(-c2c3ccc(n3)c(-c3ccc(S(=O)(=O)O)cc3)c3ccc([nH]3)c(-c3ccc(S(=O)(=O)O)cc3)c3ccc(n3)c(-c3ccc(S(=O)(=O)O)cc3)c3ccc2[nH]3)cc1,3,200,240
XORHET_clean,2,2,2,2,0,0,0,6,6,0,0,0,7,0,0,0,0,0,Co,c1cnc(-c2n[nH]c(-c3nnc[nH]3)n2)cn1,2,105,72
DARBUU_clean,2,2,2,1,0,0,0,6,6,0,0,0,10,0,0,0,0,0,Cu,C#N,1,120,72
HOVQAM_clean,2,2,2,2,0,0,0,6,6,0,0,0,7,0,0,0,0,0,Co,c1cc(-c2ccc(-c3cc[nH]c3)cc2)c[nH]1,2,80,72
FAGREM_clean,2,2,2,2,0,0,0,6,6,0,0,0,10,0,0,0,0,0,Zn,O=C(O)c1ccc(C(=O)O)c(C(=O)O)c1,2,65,48
BUQWER_clean,2,2,2,1,0,0,0,6,6,0,0,0,10,0,0,0,0,0,Cu,O=C(O)c1cccnc1,2,25,336
HUSJUC_clean,2,2,2,2,2,2,0,6,6,6,6,0,10,10,1,0,0,0,La,O=C(O)c1ccc2c(c1)c1ccc(C(=O)O)cc1c1ccc(C(=O)O)cc21,3,120,24
NETYIV_clean,2,2,2,1,0,0,0,6,6,0,0,0,10,0,0,0,0,0,Cu,c1cc(-c2ccncc2)ccn1,1,165,96
VICSIL_clean,2,2,2,1,0,0,0,6,6,0,0,0,10,0,0,0,0,0,Cu,O=C(O)c1cc(C(=O)O)cc(S(=O)(=O)O)c1,2,130,24
JUNBOL_clean,2,2,2,2,2,0,0,6,6,6,0,0,10,10,0,0,0,0,Cd,O=C(O)c1ccc(Oc2cc(C(=O)O)cc(C(=O)O)c2)cc1,2,160,72
XOJWOJ_clean,2,2,2,2,0,0,0,6,6,0,0,0,10,0,0,0,0,0,Zn,O=C(O)c1ccc(P(=O)(O)O)cc1,2,170,48
SARMEE_clean,2,2,2,2,2,2,0,6,6,6,6,0,10,10,0,0,7,0,Eu,O=C(O)c1ccc(C(=O)O)c2ccccc12,3,120,72
PEWLUA_clean,2,2,2,1,0,0,0,6,6,0,0,0,10,0,0,0,0,0,Cu,O=C(O)c1cc(C(=O)O)cc(-n2cc(-c3cc(-c4cn(-c5cc(C(=O)O)cc(C(=O)O)c5)nn4)cc(-c4cn(-c5cc(C(=O)O)cc(C(=O)O)c5)nn4)c3)nn2)c1,2,85,18
OFOCUI_clean,2,2,2,1,0,0,0,6,6,0,0,0,10,0,0,0,0,0,Cu,O=C(O)c1cc(NNc2cc(C(=O)O)cc(C(=O)O)c2)cc(C(=O)O)c1,2,60,48
TEJLOL_clean,2,2,2,2,2,0,0,6,6,6,0,0,10,10,0,0,0,0,Cd,Nc1ncnc2[nH]cnc12,2,120,72
HOXSIY_clean,2,2,2,2,0,0,0,6,6,0,0,0,10,0,0,0,0,0,Zn,O=C(O)c1ccc(-c2cc(C(=O)O)cc(C(=O)O)c2)cc1,2,100,60
AVESOL_clean,2,2,2,2,0,0,0,6,6,0,0,0,10,0,0,0,0,0,Zn,O=C(O)c1cc(C(=O)O)cc(-c2cc(C(=O)O)cc(-c3cc(C(=O)O)cc(C(=O)O)c3)c2)c1,2,90,72
EYULOA_clean,2,2,2,2,0,0,0,6,6,0,0,0,7,0,0,0,0,0,Co,c1cc(CCCc2ccncc2)ccn1,2,120,72
FATQID_clean,2,2,2,1,0,0,0,6,6,0,0,0,10,0,0,0,0,0,Cu,O=C(O)c1ccc(-c2cncc(-c3ccc(C(=O)O)cc3)c2)cc1,2,85,24
HUVHOX_clean,2,2,2,2,0,0,0,6,6,0,0,0,10,0,0,0,0,0,Zn,O=C(O)CN(CP(=O)(O)O)c1nc(N(CC(=O)O)CP(=O)(O)O)[nH]c(=O)n1,2,120,40
TEJQAC_clean,2,2,2,1,0,0,0,6,6,0,0,0,10,0,0,0,0,0,Cu,O=C(O)c1cccc(C(=O)O)c1,2,160,72
CUTBIE_clean,2,2,2,2,2,2,0,6,6,6,6,0,10,10,1,0,0,0,La,O=C(O)c1ccc(-c2cn(-c3cc(C(=O)O)cc(C(=O)O)c3)nn2)cc1,3,105,24
XOTSEG_clean,2,2,2,2,0,0,0,6,6,0,0,0,5,0,0,0,0,0,Mn,Cc1c(C#Cc2ccc(C(=O)O)cc2)c(C)c(C#Cc2ccc(C(=O)O)cc2)c(C)c1C#Cc1ccc(C(=O)O)cc1,2,90,48
TORXIJ_clean,2,2,2,1,0,0,0,6,6,0,0,0,10,0,0,0,0,0,Cu,c1nn[nH]n1,2,130,72
EHODOV_SL,2,2,2,2,2,0,0,6,6,6,1,0,10,10,0,0,0,0,In,O=C(O)c1ccc(Oc2ccc(C(=O)O)cc2)cc1,3,120,48
AROFAP_clean,2,2,2,2,2,0,0,6,6,6,0,0,10,10,0,0,0,0,Cd,O=C(O)c1ccc(OCC(COc2ccc(C(=O)O)cc2)(COc2ccc(C(=O)O)cc2)COc2ccc(C(=O)O)cc2)cc1,2,85,24
DOKHOB_clean,2,2,2,1,0,0,0,6,6,0,0,0,10,0,0,0,0,0,Cu,c1cc(-c2ccncc2)ccn1,2,180,12
MOTVOI_clean,2,2,2,2,2,2,0,6,6,6,6,0,10,10,0,0,7,0,Eu,CC1(O)c2cc(C(=O)O)ccc2-c2ccc(C(=O)O)cc21,3,80,72
QEBKUF_SL,2,2,2,2,0,0,0,6,6,0,0,0,10,0,0,0,0,0,Zn,O=C(O)c1ccc(-c2cc(-c3ccc(C(=O)O)cc3)cc(C(c3cc(-c4ccc(C(=O)O)cc4)cc(-c4ccc(C(=O)O)cc4)c3)(c3cc(-c4ccc(C(=O)O)cc4)cc(-c4ccc(C(=O)O)cc4)c3)c3cc(-c4ccc(C(=O)O)cc4)cc(-c4ccc(C(=O)O)cc4)c3)c2)cc1,2,80,48
KEBDIG_charged,2,2,2,2,0,0,0,6,6,0,0,0,7,0,0,0,0,0,Co,O=C(O)c1cc(-n2cnc3ccccc32)cc(-n2cnc3ccccc32)c1,2,180,72
JUSBAC_clean,2,2,2,2,2,0,0,6,6,6,0,0,10,10,0,0,0,0,Cd,c1ccc2[nH]nnc2c1,2,120,96
ILOJEZ_clean,2,2,2,2,0,0,0,6,6,0,0,0,10,0,0,0,0,0,Zn,c1ncn(Cc2ccc(-c3ccc(Cn4cncn4)cc3)cc2)n1,2,150,72
ZUQMAB_clean,2,2,2,2,0,0,0,6,6,0,0,0,7,0,0,0,0,0,Co,O=C(Nc1cccnc1)c1cc(C(=O)Nc2cccnc2)cc(C(=O)Nc2cccnc2)c1,2,115,96
PASNAA01_clean,2,2,2,2,0,0,0,6,6,0,0,0,7,0,0,0,0,0,Co,O=C(O)C1C(C(=O)O)C(C(=O)O)C(C(=O)O)C(C(=O)O)C1C(=O)O,2,100,48
WOGHEG_clean,2,2,2,2,0,0,0,6,6,0,0,0,10,0,0,0,0,0,Zn,O=C(O)C=Cc1ccc(C(=O)O)cc1,2,80,24
DANROC_clean,2,2,2,1,0,0,0,6,6,0,0,0,10,0,0,0,0,0,Cu,O=C(O)CC(CC(=O)O)CC(=O)O,2,25,168
GEVYEN_clean,2,2,2,2,0,0,0,6,6,0,0,0,10,0,0,0,0,0,Zn,O=C(O)c1ccc(C(=O)O)c(-c2cccnc2)c1,2,120,72
VAQSEO_clean,2,2,2,2,2,0,0,6,6,6,0,0,10,10,0,0,0,0,Cd,c1cc(-c2cnc[nH]2)cc(-c2cnc[nH]2)c1,2,120,72
FEYDET_clean,2,2,2,2,2,0,0,6,6,6,1,0,10,10,0,0,0,0,In,O=C(O)c1cc(C(=O)O)cc(C(=O)O)c1,3,160,85
DUKMON_clean,2,2,2,2,0,0,0,6,6,0,0,0,7,0,0,0,0,0,Co,O=C(O)c1cc(OCCCCCCO)cc(C(=O)O)c1,2,130,72
LEDCAA_clean,2,2,2,2,2,0,0,6,6,6,0,0,10,10,0,0,0,0,Cd,c1ccc(-c2n[nH]c(-c3ncn[nH]3)n2)nc1,2,180,72
IBUBIT_clean,2,2,2,2,0,0,0,6,6,0,0,0,10,0,0,0,0,0,Zn,c1nc[nH]n1,2,100,144
VUQKAU01_clean,2,2,2,2,0,0,0,6,6,0,0,0,5,0,0,0,0,0,Mn,O=C(O)c1ccc(-c2ccc(C(=O)O)cc2)cc1,2,161,480
DEJCEB_clean,2,2,2,2,0,0,0,6,6,0,0,0,10,0,0,0,0,0,Zn,O=C(O)c1ccncc1C(=O)O,2,85,12
VOLPET_clean,2,2,2,2,0,0,0,6,6,0,0,0,10,0,0,0,0,0,Zn,O=C(O)c1ccc(C(=O)O)s1,2,100,48
DOZKIO_clean,2,2,2,2,2,2,0,6,6,6,6,0,10,10,0,0,7,0,Eu,O=C(O)c1cc(C(=O)O)cc(-c2cc(-c3cc(C(=O)O)cc(C(=O)O)c3)c3ccc4c(-c5cc(C(=O)O)cc(C(=O)O)c5)cc(-c5cc(C(=O)O)cc(C(=O)O)c5)c5ccc2c3c54)c1,3,85,24
QUFKIN_clean,2,2,2,2,0,0,0,6,6,0,0,0,7,0,0,0,0,0,Co,Nc1ncnc2[nH]cnc12,2,100,48
GOBSUM_clean,2,2,2,2,0,0,0,6,6,0,0,0,7,0,0,0,0,0,Co,O=C(O)c1ccc(C(=O)O)cc1,2,100,36
KUZZAI_clean,2,2,2,2,0,0,0,6,6,0,0,0,10,0,0,0,0,0,Zn,O=C(O)c1ccc(-c2cc(-c3ccncc3)cc(-c3ccc(C(=O)O)cc3)n2)cc1,2,120,72
YEMJAC_clean,2,2,2,2,2,2,0,6,6,6,6,0,10,10,0,0,10,0,Dy,O=C(O)c1cc(C(=O)O)cc(C(=O)O)c1,3,60,168
QOPPES_clean,2,2,2,2,0,0,0,6,6,0,0,0,7,0,0,0,0,0,Co,O=C(O)c1ccc(C(=O)O)cc1,2,150,65
TOFLAD_clean,2,2,2,2,2,0,0,6,6,6,0,0,10,10,0,0,0,0,Cd,O=C(O)c1cc(C(=O)O)cc(C(=O)O)c1,2,150,96
QIPROY_clean,2,2,2,1,0,0,0,6,6,0,0,0,10,0,0,0,0,0,Cu,c1cncc(OCC(COc2cccnc2)(COc2cccnc2)COc2cccnc2)c1,2,85,24
VEYVEC_clean,2,2,2,2,0,0,0,6,6,0,0,0,7,0,0,0,0,0,Co,c1cc(-c2ccncc2)ccn1,2,140,24
QOZPIG_clean,2,2,2,2,2,0,0,6,6,6,0,0,10,10,0,0,0,0,Cd,O=C(O)c1cc(C(=O)Nn2cnnc2)c(C(=O)O)cc1C(=O)Nn1cnnc1,2,65,48
XICDUI_charged,2,2,2,1,0,0,0,6,6,0,0,0,10,0,0,0,0,0,Cu,N#Cc1ccc(C(c2ccc(C#N)cc2)n2cncn2)cc1,1,100,72
HAJDII_clean,2,2,2,2,2,2,0,6,6,6,6,0,10,10,0,0,9,0,Tb,O=C(O)c1ccc(Oc2ccc(C(=O)O)cc2)cc1,3,80,72
AGUWUV_clean,2,2,2,2,0,0,0,6,6,0,0,0,8,0,0,0,0,0,Ni,c1cnc(-c2nn[nH]n2)cn1,2,160,96
ETEMIB_clean,2,2,2,2,0,0,0,6,6,0,0,0,7,0,0,0,0,0,Co,O=C(O)c1cc(C(=O)O)cc(C(=O)O)c1,2,110,72
HAWZEM_clean,2,2,2,1,0,0,0,6,6,0,0,0,10,0,0,0,0,0,Cu,O=C(O)c1ccncc1,2,120,120
ILIMOH_clean,2,2,2,2,0,0,0,6,6,0,0,0,8,0,0,0,0,0,Ni,c1ccc(-c2nc(-c3ccncc3)n[nH]2)nc1,2,120,48
AZAWAB_clean,2,2,2,1,0,0,0,6,6,0,0,0,10,0,0,0,0,0,Cu,O=C(O)c1ccc(-c2c(-c3ccc(C(=O)O)cc3)c(-c3ccc(C(=O)O)cc3)c(-c3ccc(C(=O)O)cc3)c(-c3ccc(C(=O)O)cc3)c2-c2ccc(C(=O)O)cc2)cc1,2,180,24
BEFGEA_manual,2,2,2,2,2,0,0,6,6,6,1,0,10,10,0,0,0,0,In,O=C(O)c1ccc(-c2cc(-c3ccc(C(=O)O)cc3)cc(-c3ccc(C(=O)O)cc3)c2)cc1,3,130,24
MOYYEF_clean,2,2,2,1,0,0,0,6,6,0,0,0,10,0,0,0,0,0,Cu,O=C(O)c1ccc(-c2cccc(C(=O)O)c2)cc1,2,60,48
KIDVIE_clean,2,2,2,2,2,2,0,6,6,6,6,0,10,10,1,0,0,0,La,O=C(O)C(=O)O,3,160,24
WISTID_clean,2,2,2,2,0,0,0,6,6,0,0,0,10,0,0,0,0,0,Zn,O=C(O)c1ccc(C(=O)O)c(-c2cc(C(=O)O)ccc2C(=O)O)c1,2,150,72
IZIGUV_clean,2,2,2,2,2,0,0,6,6,6,1,0,10,10,0,0,0,0,In,O=C(O)c1ccc(NC(=O)c2ccc(-c3c4ccc(n4)c(-c4ccc(C(=O)Nc5ccc(C(=O)O)cc5)cc4)c4ccc([nH]4)c(-c4ccc(C(=O)Nc5ccc(C(=O)O)cc5)cc4)c4ccc(n4)c(-c4ccc(C(=O)Nc5ccc(C(=O)O)cc5)cc4)c4ccc3[nH]4)cc2)cc1,3,120,72
PODXEN_clean,2,2,2,2,0,0,0,6,6,0,0,0,10,0,0,0,0,0,Zn,c1cn(-c2ccc(N(c3ccc(-n4ccnc4)cc3)c3ccc(-n4ccnc4)cc3)cc2)cn1,2,120,24
ZOZPUB_clean,2,2,2,2,0,0,0,6,6,0,0,0,7,0,0,0,0,0,Co,O=C(O)Cc1ccc(-n2cnnc2)cc1,2,120,36
IWELIG01_clean,2,2,2,2,0,0,0,6,6,0,0,0,7,0,0,0,0,0,Co,O=c1[nH]cnc2[nH]cnc12,2,130,96
ODUNEH_clean,2,2,2,2,0,0,0,6,6,0,0,0,10,0,0,0,0,0,Zn,O=C(O)c1ccc(-c2ccc(C(=O)O)cc2)cc1,2,60,72
QIRWAR_clean,2,2,2,1,0,0,0,6,6,0,0,0,10,0,0,0,0,0,Cu,O=C(O)C1=NCC=NC1=O,2,120,72
GUHMIH_clean,2,2,2,1,0,0,0,6,6,0,0,0,10,0,0,0,0,0,Cu,O=C(NCCNC(=O)c1cccnc1)c1cccnc1,2,120,96
GEWXAJ_clean,2,2,2,1,0,0,0,6,6,0,0,0,10,0,0,0,0,0,Cu,Nn1cnnc1,2,120,72
EJOQUR_clean,2,2,2,1,0,0,0,6,6,0,0,0,10,0,0,0,0,0,Cu,O=C(O)c1cc(Oc2cccc(C(=O)O)c2C(=O)O)cc(C(=O)O)c1,2,85,16
LACJAC_clean,2,2,2,2,0,0,0,6,6,0,0,0,10,0,0,0,0,0,Zn,O=C(O)c1cccc(C(=O)O)c1,2,140,120
NEFTUP_clean,2,2,2,2,0,0,0,6,6,0,0,0,7,0,0,0,0,0,Co,NNN,2,140,48
EXALAR_clean,2,2,2,2,0,0,0,6,6,0,0,0,8,0,0,0,0,0,Ni,c1ncn(CCCCn2cncn2)n1,2,160,48
NEVJOP_clean,2,2,2,2,0,0,0,6,6,0,0,0,10,0,0,0,0,0,Zn,O=C(O)CN(CC(=O)O)c1cc(C(=O)O)ccc1C(=O)O,2,120,96
BEXVEH_clean,2,2,2,1,0,0,0,6,6,0,0,0,10,0,0,0,0,0,Cu,O=C(O)c1cc(COc2cc(C(=O)O)cc(C(=O)O)c2)cc(C(=O)O)c1,2,80,48
SONTIZ_clean,2,2,2,2,2,2,0,6,6,6,6,0,10,10,0,0,9,0,Tb,O=C(O)c1ccc(C(=O)O)cc1,3,120,20
XASPEP_clean,2,2,2,2,0,0,0,6,6,0,0,0,10,0,0,0,0,0,Zn,O=C(O)c1cc(C(=O)O)cc(C(=O)O)c1,2,100,120
ILAGUY_charged,2,2,2,2,2,0,0,6,6,6,0,0,10,10,0,0,0,0,Cd,c1cncc(CN2CCN(Cc3cccnc3)CC2)c1,2,80,72
ILIMUN_clean,2,2,2,2,0,0,0,6,6,0,0,0,8,0,0,0,0,0,Ni,c1ccc(-c2nc(-c3ccncc3)n[nH]2)nc1,2,120,48
UZAFIL_clean,2,2,2,2,0,0,0,6,6,0,0,0,8,0,0,0,0,0,Ni,O=C(O)CCCCC(=O)O,2,170,72
QUNWAZ_clean,2,2,2,2,0,0,0,6,6,0,0,0,10,0,0,0,0,0,Zn,c1cc(-c2ccncc2)ccn1,2,110,72
MUNDOQ_clean,2,2,2,1,0,0,0,6,6,0,0,0,10,0,0,0,0,0,Cu,O=C(O)c1ccc(-c2cncc(C(=O)O)c2)cc1,1,85,12
RUFDUT_clean,2,2,2,2,0,0,0,6,6,0,0,0,8,0,0,0,0,0,Ni,O=P(O)(O)C(O)(Cc1cccnc1)P(=O)(O)O,2,140,72
VAGTAA_clean,2,2,2,0,0,0,0,6,0,0,0,0,0,0,0,0,0,0,Mg,O=C(O)c1cc(O)c(C(=O)O)cc1O,2,120,72
OKIPUU_clean,2,2,2,2,2,0,0,6,6,6,0,0,10,10,0,0,0,0,Cd,c1cn(-c2ccc(Oc3ccc(-n4ccnc4)cc3)cc2)cn1,2,90,72
NAWDUN_clean,2,2,2,1,0,0,0,6,6,0,0,0,10,0,0,0,0,0,Cu,CCC(C)CC1(CC(C)CC)c2cc(-c3cc(C(=O)O)cc(C(=O)O)c3)ccc2-c2ccc(-c3cc(C(=O)O)cc(C(=O)O)c3)cc21,2,80,96
XUHVON_clean,2,2,2,2,0,0,0,6,6,0,0,0,10,0,0,0,0,0,Zn,O=C(O)c1cc(C(=O)O)cc(C(=O)O)c1,2,160,120
XAVKIR_clean,2,2,2,1,0,0,0,6,6,0,0,0,10,0,0,0,0,0,Cu,O=C(O)c1cc(NC(=O)c2ccc3cc(NC(=O)c4cncc(C(=O)Nc5ccc6cc(C(=O)Nc7cc(C(=O)O)cc(C(=O)O)c7)ccc6c5)c4)ccc3c2)cc(C(=O)O)c1,2,55,120
HULCOI_clean,2,2,2,1,0,0,0,6,6,0,0,0,10,0,0,0,0,0,Cu,O=C(Nc1cc(NC(=O)Nc2cc(C(=O)O)cc(C(=O)O)c2)cc(NC(=O)Nc2cc(C(=O)O)cc(C(=O)O)c2)c1)Nc1cc(C(=O)O)cc(C(=O)O)c1,2,75,72
KAVNIH_clean,2,2,2,2,0,0,0,6,6,0,0,0,7,0,0,0,0,0,Co,O=C(O)c1c2ccccc2c(C(=O)O)c2ccccc12,2,160,72
VEZWEE_clean,2,2,2,2,0,0,0,6,6,0,0,0,5,0,0,0,0,0,Mn,O=C(O)C1C=CN(CCCCN2C=CC(C(=O)O)C=C2)C=C1,2,80,72
NAGBUU_clean,2,2,2,2,0,0,0,6,6,0,0,0,7,0,0,0,0,0,Co,c1cc(-c2nnn[nH]2)ccn1,2,180,72
WIPLOY_clean,2,2,2,2,2,2,0,6,6,6,6,0,10,10,0,0,7,0,Eu,O=C(O)c1cc(C(=O)O)cc(-c2ccc(-c3cc(C(=O)O)cc(C(=O)O)c3)cc2)c1,3,85,72
COXQUB_clean,2,2,2,2,2,0,0,6,6,6,0,0,10,10,0,0,0,0,Cd,c1cc(-c2ccncc2)ccn1,2,120,24
TORPUN_clean,2,2,2,2,2,2,0,6,6,6,6,0,10,10,0,0,9,0,Tb,O=C(O)c1ccc(C(=O)c2cc(C(=O)c3ccc(C(=O)O)cc3)cc(C(=O)c3ccc(C(=O)O)cc3)c2)cc1,3,80,48
VUQLEZ_charged,2,2,2,2,2,2,0,6,6,6,6,0,10,10,0,0,7,0,Eu,O=S(=O)(O)O,3,180,144
YOKKIU_clean,2,2,2,2,0,0,0,6,6,0,0,0,7,0,0,0,0,0,Co,O=C(O)c1cccc(C(=O)O)c1,2,120,72
OXAMIK_clean,2,2,2,2,0,0,0,6,6,0,0,0,7,0,0,0,0,0,Co,O=P(O)(O)C(O)(Cn1ccnc1)P(=O)(O)O,2,180,120
EBAVAH_auto,2,2,2,1,0,0,0,6,6,0,0,0,10,0,0,0,0,0,Cu,O=C(O)c1cc(C#Cc2ccc(C#Cc3cc(C(=O)O)cc(C(=O)O)c3)c3nsnc23)cc(C(=O)O)c1,2,85,24
AVUDAX_clean,2,2,2,1,0,0,0,6,6,0,0,0,10,0,0,0,0,0,Cu,c1ncn(Cc2cc(Cn3cncn3)cc(Cn3cncn3)c2)n1,2,25,672
SIVWUR_clean,2,2,2,2,2,0,0,6,6,6,0,0,10,10,0,0,0,0,Cd,O=C(O)c1cccc(-c2cncc(-c3cccc(C(=O)O)c3)c2)c1,2,160,72
FIGQUJ_clean,2,2,2,1,0,0,0,6,6,0,0,0,10,0,0,0,0,0,Cu,O=C(O)CCCC(=O)O,2,90,24
BURJOO_clean,2,2,2,2,0,0,0,6,6,0,0,0,7,0,0,0,0,0,Co,c1cc(-c2n[nH]c(-c3ccncc3)n2)ccn1,2,150,96
HOFSUS_clean,2,2,2,2,0,0,0,6,6,0,0,0,10,0,0,0,0,0,Zn,O=C(O)c1nc(-c2ccncc2)[nH]c1C(=O)O,2,110,72
ZUDRAT_clean,2,2,2,2,0,0,0,6,6,0,0,0,5,0,0,0,0,0,Mn,O=C(O)c1cc(C(=O)O)cc(C(=O)O)c1,2,80,72
XACSIG_clean,2,2,2,2,0,0,0,6,6,0,0,0,5,0,0,0,0,0,Mn,O=C(O)c1ccc(COc2cc(OCc3ccc(C(=O)O)cc3)cc(C(=O)O)c2)cc1,2,150,96
YOYBUL_clean,2,2,2,2,0,0,0,6,6,0,0,0,10,0,0,0,0,0,Zn,O=C(O)c1ccc(-c2cc(-c3ccncc3)cc(-c3ccc(C(=O)O)cc3)n2)cc1,2,120,72
LUSYEF_clean,2,2,2,1,0,0,0,6,6,0,0,0,10,0,0,0,0,0,Cu,O=C(O)c1cc(C(=O)O)cc(-c2cccc3c(-c4cc(C(=O)O)cc(C(=O)O)c4)cccc23)c1,2,70,48
MEJQID_clean,2,2,2,2,0,0,0,6,6,0,0,0,10,0,0,0,0,0,Zn,O=C(O)c1ccncc1,2,120,72
LIKGUJ_clean,2,2,2,1,0,0,0,6,6,0,0,0,10,0,0,0,0,0,Cu,O=C1OC(=O)C2=C3C1=CC1C(=O)OC(=O)C4=C1C3C1=C(C4)C(=O)OC(=O)C1=C2,2,65,48
ZALMIL_clean,2,2,2,2,0,0,0,6,6,0,0,0,7,0,0,0,0,0,Co,O=C(O)C1CC(C(=O)O)C(C(=O)O)CC1C(=O)O,2,140,72
BINROH_clean,2,2,2,1,0,0,0,6,6,0,0,0,10,0,0,0,0,0,Cu,O=C(O)c1ccc2cc(-c3cc(-c4ccc5cc(C(=O)O)ccc5c4)cc(-c4ccc5cc(C(=O)O)ccc5c4)c3)ccc2c1,2,90,24
TOJVIZ_clean,2,2,2,2,0,0,0,6,6,0,0,0,7,0,0,0,0,0,Co,ON1C=CC(=C2C=CN(O)C=C2)C=C1,2,160,120
TAGTUT_clean,2,2,2,0,0,0,0,6,0,0,0,0,0,0,0,0,0,0,Mg,O=C(O)c1ccc2cc(C(=O)O)ccc2c1,2,120,120
ORUKET_clean,2,2,2,0,0,0,0,6,0,0,0,0,0,0,0,0,0,0,Mg,O=C(O)c1ccc(O[PH]2(Oc3ccc(C(=O)O)cc3)N[PH](Oc3ccc(C(=O)O)cc3)(Oc3ccc(C(=O)O)cc3)N[PH](Oc3ccc(C(=O)O)cc3)(Oc3ccc(C(=O)O)cc3)N2)cc1,2,100,192
FOJLOH_clean,2,2,2,2,0,0,0,6,6,0,0,0,10,0,0,0,0,0,Zn,Cc1c(COc2ccc(C(=O)O)cc2)c(C)c(COc2ccc(C(=O)O)cc2)c(C)c1COc1ccc(C(=O)O)cc1,2,115,120
RONWIA_clean,2,2,2,1,0,0,0,6,6,0,0,0,10,0,0,0,0,0,Cu,C#N,1,5,252
38,2,2,2,1,0,0,0,6,6,0,0,0,10,0,0,0,0,0,Cu,[O-]C(=O)c1cc(Cc2cc(cc(c2)C(=O)[O-])C(=O)[O-])cc(c1)C(=O)[O-],2,120,48
28,2,2,2,2,2,2,2,6,6,6,6,6,10,10,10,2,14,0,Th,[O-]C(=O)C1=[C][C]=C([C]=[C]1)C(=O)[O-],4,120,24
99,2,2,2,2,2,0,0,6,6,6,0,0,10,2,0,0,0,0,Zr,[O-]C(=O)c1ccc(cc1)c1cc(c2ccc(cc2)C(=O)[O-])c2c(c1)c1cc(cc(c1[nH]2)c1ccc(cc1)C(=O)[O-])c1ccc(cc1)C(=O)[O-],4,80,24
44,2,2,2,2,2,0,0,6,6,6,0,0,10,2,0,0,0,0,Zr,Cc1c(Cc2c(C)c(c3ccc(cc3)C(=O)[O-])c(c(c2C)c2ccc(cc2)C(=O)[O-])C)c(C)c(c(c1c1ccc(cc1)C(=O)[O-])C)c1ccc(cc1)C(=O)[O-],4,120,48
41,2,2,2,0,0,0,0,6,6,0,0,0,5,0,0,0,0,0,Mn,[O-]C(=O)c1ccc(cc1)[Si](c1ccc(cc1)C(=O)[O-])(c1ccc(cc1)C(=O)[O-])c1ccc(cc1)C(=O)[O-],2,120,12
51,2,2,2,1,0,0,0,6,6,0,0,0,0,0,0,0,0,0,K,[O]CC1OC2OC3C(CO)OC(C(C3[O])[O])OC3C(C[O])OC([C](C3[O])[O])OC3C(OC(OC4C(OC(OC5C(OC(OC1C(C2[O])[O])C([O])C5[O])C[O])[C]([O])C4[O])C[O])C(C3[O])[O])CO,1,30,168
6,2,2,2,2,2,0,0,6,6,6,0,0,10,2,0,0,0,0,Zr,[O-]C(=O)c1ccc(cc1)c1ccc(cc1)C(=C(c1ccc(cc1)c1ccc(cc1)C(=O)[O-])c1ccc(cc1)c1ccc(cc1)C(=O)[O-])c1ccc(cc1)c1ccc(cc1)C(=O)[O-],4,120,48
131,2,2,2,2,2,0,0,6,6,6,0,0,10,2,0,0,0,0,Zr,[N]c1c(cc(cc1c1ccc(cc1)C(=O)[O-])c1cc(c2ccc(cc2)C(=O)[O-])c(c(c1)c1ccc(cc1)C(=O)[O-])[N])c1ccc(cc1)C(=O)[O-],4,120,72
24,2,2,2,2,0,0,0,6,6,0,0,0,10,0,0,0,0,0,Zn,O=S1c2cc(ccc2N(c2c1cc(cc2)C(=O)[O-])C1=CC=C(CC1)C([O])([O])[O])C(=O)[O-],2,85,216
53,2,2,2,2,2,0,0,6,6,6,0,0,10,2,0,0,0,0,Zr,[O-]C(=O)c1ccc(cc1)C=Nc1ccc(cc1)N=Cc1ccc(cc1)C(=O)[O-],4,80,96
84,2,2,2,2,0,0,0,6,6,0,0,0,6,0,0,0,0,0,Fe,[O-]C(=O)c1ccc(cc1)c1cc(C)c(cc1C)c1ccc(cc1)C(=O)[O-],3,150,24
17,2,2,2,2,2,0,0,6,6,6,0,0,10,2,0,0,0,0,Zr,[O-]C(=O)c1ccc(cc1)c1c(C)c(C)c(c(c1C)C)c1ccc(cc1)C(=O)[O-],4,120,72
57,2,2,2,1,0,0,0,6,6,0,0,0,10,0,0,0,0,0,Cu,[C][C]c1cc(cc(c1)C(=O)[O-])C(=O)[O-],2,90,120
13,2,2,2,2,2,0,0,6,6,6,0,0,10,2,0,0,0,0,Zr,[O-]C(=O)c1ccc(cc1)C1([CH2])C2(C1(C)C1C2[C]1[C]1C2C1C1(C2(C)C1([CH2])c1ccc(cc1)C(=O)[O-])C)C,4,120,72
29,2,2,2,2,2,2,2,6,6,6,6,6,10,10,10,2,14,0,Th,[O-]C(=O)C1=[C][C]=C([C]=[C]1)C(=O)[O-],4,120,24
84,2,2,2,1,0,0,0,6,6,0,0,0,10,0,0,0,0,0,Cu,[O-]C(=O)C1=C[C]=CC(=C1)C(=O)[O-],2,80,24
77,2,2,2,2,0,0,0,6,6,0,0,0,6,0,0,0,0,0,Fe,[O-]C(=O)[C]1[C]C2C3C1[C]1C4[C][C](C5[C]2C31C45)C(=O)[O-],3,150,12
32,2,2,2,1,0,0,0,6,6,0,0,0,10,0,0,0,0,0,Cu,[O-]C(=O)c1cc(C#Cc2ccc(cc2)C#Cc2cc(C#Cc3ccc(cc3)C#Cc3cc(cc(c3)C(=O)[O-])C(=O)[O-])cc(c2)C#Cc2ccc(cc2)C#Cc2cc(cc(c2)C(=O)[O-])C(=O)[O-])cc(c1)C(=O)[O-],2,75,36
83,2,2,2,1,0,0,0,6,6,0,0,0,10,0,0,0,0,0,Cu,[O-]C(=O)C1=C[C]=CC(=C1)C(=O)[O-],2,80,24
118,2,2,2,2,2,0,0,6,6,6,0,0,10,2,0,0,0,0,Zr,[O-]C(=O)c1ccc(cc1)c1nc(c2ccc(cc2)C(=O)[O-])c(nc1c1ccc(cc1)C(=O)[O-])c1ccc(cc1)C(=O)[O-],4,120,24
49,2,2,2,2,1,0,0,6,6,6,0,0,10,0,0,0,0,0,Rb,OCC1OC2OC3C(CO)OC(C(C3O)O)OC3C(CO)OC(C(C3O)O)OC3C(CO)OC(C(C3O)O)OC3C(OC(OC4C(OC(OC5C(OC(OC6C(OC(OC1C(C2O)O)C(O)C6O)CO)C(O)C5O)CO)C(O)C4O)CO)C(C3O)O)CO,1,25,168
109,2,2,2,2,2,0,0,6,6,6,0,0,10,10,0,0,0,0,Cd,[O-]C(=O)c1ccc(cc1)[Si](c1ccc(cc1)C(=O)[O-])(c1ccc(cc1)C(=O)[O-])c1ccc(cc1)C(=O)[O-],2,85,48
39,2,2,2,2,2,0,0,6,6,6,0,0,10,2,0,0,0,0,Zr,[O-]C(=O)C1=NN=C([C]1)C(=O)[O-],4,100,0.25
110,2,2,2,2,0,0,0,6,6,0,0,10,0,0,0,0,0,0,Zn,[O-]C(=O)c1ccc(cc1)[Si](c1ccc(cc1)C(=O)O)(c1ccc(cc1)C(=O)[O-])c1ccc(cc1)C(=O)[O-],2,85,96
117,2,2,2,2,2,2,0,6,6,6,6,0,10,10,0,0,7,0,Eu,[O]C(=O)c1ccc(S(=O)(=O)c2ccc(C([O])=O)cc2)cc1,3,120,72
135,2,2,2,2,2,0,0,6,6,6,0,0,10,2,0,0,0,0,Zr,[O]c1c(cc(cc1c1ccc(cc1)C(=O)[O-])c1cc(c2ccc(cc2)C(=O)[O-])c(c(c1)c1ccc(cc1)C(=O)[O-])[O])c1ccc(cc1)C(=O)[O-],4,120,72
82,2,2,2,2,0,0,0,6,6,0,0,0,6,0,0,0,0,0,Fe,O=C1c2cc(ccc2-c2c1cc(cc2)C(=O)[O-])C(=O)[O-],2,120,12
133,2,2,2,2,2,0,0,6,6,6,0,0,10,2,0,0,0,0,Zr,[O-]C(=O)c1ccc(cc1)c1cc(c2ccc(cc2)C(=O)[O-])c2c3c1ccc1c3c(cc2)c(cc1c1ccc(cc1)C(=O)[O-])c1ccc(cc1)C(=O)[O-],4,120,72
66,2,2,2,2,0,0,0,6,6,0,0,10,0,0,0,0,0,0,Zn,CCCCCCOc1cc(c2ccc(cc2)C(=O)[O-])c(cc1c1ccc(cc1)C(=O)[O-])OCCCCCC,2,80,24
50,2,2,2,1,0,0,0,6,6,0,0,0,0,0,0,0,0,0,K,OCC1OC2OC3C(CO)OC(C(C3O)O)OC3C(CO)OC(C(C3O)O)OC3C(CO)OC(C(C3O)O)OC3C(OC(OC4C(OC(OC5C(OC(OC6C(OC(OC1C(C2O)O)C(O)C6O)CO)C(O)C5O)CO)C(O)C4O)CO)C(C3O)O)CO,1,25,168
32,2,2,2,2,2,2,2,6,6,6,6,6,10,10,10,2,14,0,Th,[O-]C(=O)C1=[C][C]=C([C]=[C]1)C(=O)[O-],4,120,24
25,2,2,2,2,2,2,2,6,6,6,6,6,10,10,10,2,14,0,Th,[O-]C(=O)c1ccc(cc1)C(=O)[O-],4,120,24
7,2,2,2,2,2,0,0,6,6,6,0,0,10,2,0,0,0,0,Zr,[O-]C(=O)C1=[C][C]=C([C]=[C]1)C#Cc1c(C#CC2=[C][C]=C([C]=[C]2)C(=O)[O-])c2[C]=[C][C]=c3c2c2c1=[C][C]=[C]c2c(c3C#CC1=[C][C]=C([C]=[C]1)C(=O)[O-])C#CC1=[C][C]=C([C]=[C]1)C(=O)[O-],4,120,96
16,2,2,2,2,2,0,0,6,6,6,0,0,10,2,0,0,0,0,Zr,[O-]C(=O)c1ccc(cc1)C(=O)[O-],4,120,24
63,2,2,2,2,0,0,0,6,6,0,0,10,0,0,0,0,0,0,Zn,[CH2]Oc1cc(C2=CC=C([C]=C2)C(=O)[O-])c(cc1c1ccc(cc1)C(=O)[O-])[O],2,80,24
137,2,2,2,2,2,2,0,6,6,6,6,0,10,10,0,0,7,0,Eu,[O-]C(=O)c1ccc(cc1)C1=CC(=CC(=[C]1)c1ccc(cc1)C(=O)[O-])S(=O)(=O)C1=CC(=[C]C(=C1)c1ccc(cc1)C(=O)[O-])c1ccc(cc1)C(=O)[O-],3,120,48
79,2,2,2,2,2,2,0,6,6,6,6,0,10,10,0,0,7,0,Eu,[O-]C(=O)c1ccc(c2c1cc(cc2S([O])([O])[O])S([O])([O])[O])C(=O)[O-],3,100,72
47,2,2,2,2,2,2,0,6,6,6,6,6,10,10,0,0,14,0,Yb,[O-]C(=O)C12c3ccccc3C(c3c1cccc3)C1(c3c(C2c2ccccc12)cccc3)C(=O)[O-],3,60,72
5,2,2,2,2,2,0,0,6,6,6,0,0,10,2,0,0,0,0,Zr,[O-]C(=O)c1ccc(cc1)c1ccc(cc1)c1ccc(cc1)C(=O)[O-],4,100,72
52,2,2,1,0,0,0,0,6,0,0,0,0,0,0,0,0,0,0,Na,[O]CC1OC2OC3C(CO)OC(C(C3O)O)OC3C(CO)OC(C(C3[O])[O])OC3C(OC(OC4C(OC(OC5C(OC(OC1C(C2O)O)C(O)C5O)[CH]O)C(O)C4O)CO)C(C3O)O)C[O],1,30,168
132,2,2,2,2,2,0,0,6,6,6,0,0,10,2,0,0,0,0,Zr,[O]c1c(c2ccc(cc2)C(=O)[O-])c2ccc3c4c2c(c1c1ccc(cc1)C(=O)[O-])ccc4c(c(c3c1ccc(cc1)C(=O)[O-])[O])c1ccc(cc1)C(=O)[O-],4,120,72
57,2,2,2,2,0,0,0,6,6,0,0,0,10,0,0,0,0,0,Zn,[O-]C(=O)C1=C[C]=CC(=C1)C(=O)[O-],2,75,96
58,2,2,2,2,0,0,0,6,6,0,0,0,6,0,0,0,0,0,Fe,[O-]C(=O)C1=CC2=C3C=C(C=C3c3c([C]2S1)sc(c3)C(=O)[O-])C(=O)[O-],3,120,120
26,2,2,2,2,2,2,2,6,6,6,6,6,10,10,10,2,14,0,Th,[O-]C(=O)C1=[C][C]=C([C]=[C]1)C(=O)[O-],4,120,24
14,2,2,2,2,2,0,0,6,6,6,0,0,10,2,0,0,0,0,Zr,[O-]C(=O)c1ccc(cc1)c1ccc(cc1)C(=O)[O-],4,65,16
